,subj,subj_label,verb,obj,obj_label,subj_id,obj_id
1,Indonesia,GPE,make,Malaysia,GPE,98,90
5,Komatsu,PERSON,tell,Reuters,ORG,10142,10130
9,Bond,ORG,say,Cebu,GPE,11062,109
11,Corp,ORG,consider,Philippines,GPE,14236,108
12,US,GPE,demand,Japan,GPE,271,85
13,US,GPE,remain,Brazil,GPE,271,112
14,Japan,GPE,drop,Brazil,GPE,85,112
15,Japan,GPE,ask,US,GPE,85,271
18,US,GPE,revalue,Washington,GPE,271,95
19,US,GPE,want,Washington,GPE,271,95
20,Korea,GPE,cut,US,GPE,524,271
23,Japan,GPE,convince,US,GPE,85,271
24,Japan,GPE,persuade,US,GPE,85,271
29,Buttrose,PERSON,need,Australia,GPE,23173,94
33,ISUZU,ORG,plan,Australia,GPE,10203,94
34,Kuroda,PERSON,leave,Washington,GPE,20278,95
35,Japan,GPE,lay,Kuroda,PERSON,85,20278
36,Japan,GPE,persuade,US,GPE,85,271
40,Japan,GPE,persuade,US,GPE,85,271
41,Japan,GPE,persuade,US,GPE,85,271
42,TOKYO,GPE,intervene,JAPAN,ORG,86,85
43,TOKYO,GPE,opening,JAPAN,ORG,86,85
45,board,ORG,meetingan,SMC,ORG,18232,1429
52,Unilever,ORG,dispose,Stauffer,PERSON,10240,20295
53,Chesebrough,ORG,make,Stauffer,PERSON,10241,20295
59,STOLTENBERG,ORG,say,Stoltenberg,PERSON,743,743
61,Germany,GPE,live,Paris,GPE,244,154
62,EC,ORG,receive,UK,GPE,10180,612
70,Baker,PERSON,convince,Goria,PERSON,13207,21422
71,Dow,ORG,say,Houston,GPE,14596,171
72,Dow,ORG,top,Houston,GPE,14596,171
77,DOMINION,ORG,CALLS,BURLINGTON,ORG,10331,201
78,Dufour,PERSON,tell,Reuters,ORG,20326,10130
79,FED,ORG,repurchase,FED,ORG,10147,10147
83,Honduras,GPE,seek,US,GPE,192,271
86,Brazil,GPE,relate,Morgan,ORG,112,1446
87,Brito,PERSON,speak,Brasilia,GPE,20331,193
88,Brito,PERSON,tell,Reuters,ORG,20331,10130
93,JAPAN,GPE,buy,Japan,GPE,85,85
94,TUNISIA,GPE,tender,Japan,GPE,198,85
95,TUNISIA,GPE,tender,Japan,GPE,198,85
96,Edelman,PERSON,acquire,Burlington,ORG,11905,201
98,JAPAN,GPE,hold,MITI,ORG,85,10126
109,House,ORG,avoid,Japan,GPE,10414,85
110,Iranians,NORP,admit,Basra,GPE,9911,221
111,GHANA,GPE,buy,IRAN,GPE,191,222
112,Ghana,GPE,import,IRAN,GPE,191,222
114,Chrysler,ORG,ask,Renault,ORG,10456,10460
118,CCC,ORG,accept,IRAQ,GPE,10482,220
123,mexican,NORP,steer,mexican,NORP,9916,9916
125,CANADA,GPE,appease,US,GPE,111,271
130,Volcker,PERSON,tell,Congress,ORG,10549,10182
134,Europe,LOC,look,US,GPE,1657,271
136,Japan,GPE,visit,Japan,GPE,85,85
137,Japan,GPE,press,Japan,GPE,85,85
145,MALAYSIA,GPE,ask,Japan,GPE,90,85
147,Thailand,GPE,meet,409p,PRODUCT,97,23948
151,MIYAZAWA,ORG,say,PARIS,ORG,10616,154
152,MIYAZAWA,ORG,RANGE,PARIS,ORG,10616,154
155,THAILAND,GPE,renew,Thailand,GPE,97,97
156,THAILAND,GPE,negotiate,Thailand,GPE,97,97
162,Miyazawa,PERSON,sayask,Japan,GPE,10616,85
167,MIYAZAWA,ORG,say,PARIS,ORG,10616,154
168,MIYAZAWA,ORG,RANGE,PARIS,ORG,10616,154
170,Council,ORG,recommend,Todd,PERSON,13587,20450
177,BUNDESBANK,ORG,change,SCHLESINGER,PERSON,10152,20457
180,Schlesinger,PERSON,tell,Reuters,ORG,20457,10130
186,Gemina,ORG,tell,Reuters,ORG,10669,10130
194,Zenex,ORG,announce,Africa,GPE,10696,1217
196,Nortek,PERSON,buy,Rexham,GPE,19416,10729
202,Schlesinger,PERSON,tell,Reuters,ORG,20457,10130
204,FORD,ORG,raise,FORD,ORG,10745,10745
205,Bradford,PERSON,recommend,Armco,ORG,316,10753
216,JAPAN,GPE,buy,Japan,GPE,85,85
219,Hudson,PERSON,say,Drexel,ORG,1793,10828
220,MOROCCO,GPE,tender,Morocco,GPE,249,249
222,Botswana,GPE,bar,Zimbabwe,GPE,814,343
227,USSR,GPE,commitment,USDA,ORG,294,10133
228,Union,GPE,add,USDA,ORG,12851,10133
232,Centel,ORG,have,Michigan,GPE,10877,516
238,CCC,ORG,stockan,CCC,ORG,10482,10482
256,Fed,ORG,say,Leuzzi,ORG,10147,10977
259,Lanston,PERSON,say,Japan,GPE,10984,85
260,Fed,ORG,expect,Japan,GPE,10147,85
261,Japan,ORG,say,US,GPE,85,271
263,Ecuador,GPE,finish,Colombia,GPE,219,212
264,JAPAN,GPE,estimate,Ministry,ORG,85,10343
266,Japan,GPE,convince,America,GPE,85,293
267,Miami,GPE,neighbouring,Miami,GPE,336,336
268,Miami,GPE,idle,HASCO,ORG,336,11002
270,Washington,GPE,rise,US,GPE,95,271
271,Washington,GPE,be,Washington,GPE,95,95
272,Howard,PERSON,say,Japan,GPE,378,85
273,Japanese,NORP,think,Japan,GPE,9869,85
274,Britain,GPE,say,Japan,GPE,124,85
275,Britain,GPE,go,Japan,GPE,124,85
276,Washington,GPE,impose,Tokyo,GPE,95,86
279,HUNGARY,GPE,curb,Hungary,GPE,383,383
280,Ministry,ORG,cut,Fekete,PERSON,10343,16923
282,Pakistan,GPE,buy,Pakistan,GPE,217,217
283,China,GPE,increase,Pakistan,GPE,96,217
288,CHILE,GPE,build,CHINA,GPE,369,96
291,Tokyo,GPE,meet,US,GPE,86,271
292,Tokyo,GPE,announce,US,GPE,86,271
293,Tokyo,GPE,reach,Japan,GPE,86,85
294,Tokyo,GPE,total,EC,ORG,86,10180
296,Tokyo,GPE,fall,Japan,GPE,86,85
297,France,GPE,say,Japan,GPE,155,85
298,France,GPE,give,Japan,GPE,155,85
300,KENYA,GPE,compare,sdr,ORG,309,11045
301,Williams,PERSON,fall,767p,PRODUCT,16608,23963
305,Thailand,LOC,ask,Statoil,ORG,97,11074
306,Statoil,ORG,negotiate,Statoil,ORG,11074,11074
307,Statoil,ORG,buy,Pacific,ORG,11074,1723
309,Pacific,ORG,submit,Statoil,ORG,1723,11074
313,Dome,ORG,include,Dome,ORG,10543,10543
322,Bentsen,PERSON,tell,Venice,GPE,19966,399
325,USAIR,ORG,buy,USAIR,ORG,11118,11118
326,PAKISTAN,GPE,confirm,USAIR,ORG,217,11118
329,HUNGARY,GPE,curb,Hungary,GPE,383,383
331,Tokyo,GPE,meet,US,GPE,86,271
332,Tokyo,GPE,announce,US,GPE,86,271
333,Tokyo,GPE,reach,Japan,GPE,86,85
334,EC,ORG,decide,Japan,GPE,10180,85
335,EC,ORG,give,Japan,GPE,10180,85
342,Reebok,ORG,reduce,Reebok,ORG,11170,11170
343,Reebok,ORG,have,Reebok,ORG,11170,11170
350,CCC,ORG,inventoryan,CCC,ORG,10482,10482
352,PAKISTAN,GPE,buy,Pakistan,GPE,217,217
354,NCR,ORG,come,US,GPE,11192,271
355,Washington,GPE,rise,US,GPE,95,271
356,Washington,GPE,be,Washington,GPE,95,95
362,US,GPE,set,Wagner,PERSON,271,14509
375,GAF,ORG,say,GAF,ORG,10317,10317
376,GAF,ORG,sell,GAF,ORG,10317,10317
380,Fed,ORG,become,Fargo,ORG,10147,539
383,Dome,ORG,remain,TransCanada,ORG,10543,11029
384,Blair,PERSON,build,TransCanada,ORG,11345,11029
395,Yates,PERSON,tell,Reuters,ORG,11391,10130
399,Texaco,ORG,meet,Venezuelans,NORP,11014,9952
404,Hamilton,PERSON,characterize,Dome,GPE,1233,10543
405,Hamilton,PERSON,give,Dome,GPE,1233,10543
406,Treasury,ORG,say,US,GPE,10162,271
409,Ecuador,GPE,send,Ecuador,GPE,219,219
410,Tokyo,GPE,intervene,TOKYO,GPE,86,86
411,Tokyo,GPE,open,TOKYO,GPE,86,86
412,Tokyo,GPE,intervene,Tokyo,GPE,86,86
413,Haiti,GPE,refine,Republic,GPE,473,277
414,Africa,GPE,export,China,GPE,1217,96
420,US,GPE,urge,JAPAN,GPE,271,85
421,Lyng,PERSON,ask,Japan,GPE,11486,85
423,LDP,ORG,say,Koizumi,PERSON,10245,20762
424,LDP,ORG,rule,Japan,GPE,10245,85
427,Abe,PERSON,offer,US,GPE,20763,271
429,Japan,GPE,forecast,Japan,ORG,85,85
430,Japan,GPE,define,Japan,ORG,85,85
432,LYNG,ORG,open,JAPAN,GPE,11486,85
433,Japan,GPE,request,Tokyo,GPE,85,86
434,Japan,GPE,buy,Tokyo,GPE,85,86
435,Tokyo,GPE,press,Japan,GPE,86,85
437,US,GPE,press,Japan,GPE,271,85
439,Abe,PERSON,offer,US,GPE,20763,271
440,US,GPE,urge,JAPAN,GPE,271,85
441,Lyng,PERSON,ask,Japan,GPE,11486,85
443,Japan,GPE,say,Fitzwater,PERSON,85,20788
449,Japan,GPE,challenge,GATT,ORG,85,10411
453,CORP,ORG,ltHCA,BOARD,ORG,14236,18232
456,Reagan,PERSON,be,Japan,GPE,20351,85
457,Fed,ORG,estimate,Johnson,ORG,10147,14830
458,Fed,ORG,say,Fed,ORG,10147,10147
461,Fed,ORG,say,Fed,ORG,10147,10147
462,Congress,ORG,hold,Guatemala,GPE,10182,483
463,Congress,ORG,say,Mexico,GPE,10182,103
466,Japan,GPE,say,Miyazawa,PERSON,85,10616
467,Nakasone,PERSON,leave,Washington,GPE,11933,95
468,Nakasone,PERSON,leave,Washington,GPE,11933,95
470,Ecuador,GPE,use,Colombia,GPE,219,212
473,Ecuador,GPE,pay,Venezuela,GPE,219,253
474,Iran,GPE,prevent,Reagan,PERSON,222,20351
475,Washington,GPE,ask,Seoul,GPE,95,114
478,Iran,GPE,hit,Gulf,LOC,222,18165
484,BANGLADESH,GPE,import,Bangladesh,GPE,390,390
487,Coniston,PERSON,abandon,Allegis,PERSON,10442,20814
493,Kaunda,PERSON,replace,Zambia,GPE,20819,177
496,Washington,GPE,ask,Seoul,GPE,95,114
499,OKLAHOMA,GPE,clean,Oklahoma,GPE,496,496
502,Reagan,PERSON,ask,Oklahoma,GPE,20351,496
503,Reagan,PERSON,damage,Oklahoma,GPE,20351,496
504,Ajinomoto,ORG,acquire,BORDEN,ORG,11653,11655
506,Manhattan,GPE,pay,Harcourt,GPE,503,502
507,Manhattan,GPE,name,Manhattan,GPE,503,503
508,Manhattan,GPE,void,Harcourt,GPE,503,502
509,Manhattan,GPE,have,Boston,ORG,503,410
510,Harcourt,ORG,disclose,Harcourt,ORG,502,502
513,Fed,ORG,say,Inc,ORG,10147,11764
515,BORDEN,ORG,acquire,Monsanto,ORG,11655,10321
516,BANCORP,ORG,merge,Rohm,PERSON,411,11696
518,Statoil,ORG,continue,Conoco,ORG,11074,10921
528,Wang,ORG,say,Hutton,ORG,11775,10681
530,Maxwell,PERSON,say,Wang,ORG,11682,11775
531,Maxwell,ORG,call,Harcourt,ORG,11682,502
534,ITC,ORG,halt,LME,ORG,10428,10674
535,ITC,ORG,sell,ITC,ORG,10428,10428
538,BILZERIAN,ORG,pay,Bilzerian,PERSON,11680,11680
550,NPPC,ORG,appeal,America,GPE,1150,293
553,Senate,ORG,enter,US,GPE,10415,271
554,LTV,ORG,negotiate,DeKalb,GPE,11870,541
556,EDDIE,ORG,ltcrzy,Inc,ORG,20643,11764
557,EDDIE,ORG,come,Eddie,PERSON,20643,20643
562,PaineWebber,ORG,meet,Edelman,PERSON,11238,11905
563,Edelman,PERSON,hold,PaineWebber,ORG,11905,11238
564,Painewebber,ORG,satisfy,Edelman,PERSON,11238,11905
565,Painewebber,ORG,contend,Samjens,GPE,11238,11904
566,Burlington,ORG,point,Burlington,ORG,201,201
577,Schlesinger,PERSON,tell,Reuters,ORG,20457,10130
580,Council,ORG,tell,MITI,ORG,13587,10126
581,Japan,GPE,maintain,Iran,GPE,85,222
583,OMAN,GPE,offer,Oman,GPE,546,546
587,Bundesbank,ORG,say,Tokyo,GPE,10152,86
591,Kohl,PERSON,replace,Poehl,ORG,11951,10230
597,KUWAIT,GPE,reject,Iran,GPE,134,222
601,Tehran,GPE,free,Iran,GPE,233,222
602,EC,ORG,take,Japan,GPE,10180,85
603,Tokyo,GPE,manufacture,EC,ORG,86,10180
604,stg,QUANTITY,strengthen,UK,GPE,12723,612
606,Fiji,GPE,lift,Fiji,GPE,331,331
607,Africa,GPE,recommend,IMF,ORG,1217,19598
611,LAWSON,PERSON,need,Venice,GPE,875,399
614,Bonn,GPE,call,Bonn,GPE,292,292
615,Redland,GPE,say,CSR,ORG,10201,10563
616,Redland,GPE,build,Australia,GPE,10201,94
620,Redland,ORG,have,CSR,ORG,10201,10563
622,LAWSON,PERSON,carry,England,ORG,875,257
624,LAWSON,PERSON,industrialise,Paris,GPE,875,154
625,Samjens,PERSON,sell,Burlington,GPE,11904,201
630,1030,TIME,follow,Saarbruecken,PERSON,24181,12036
632,US,GPE,press,Bonn,GPE,271,292
633,US,GPE,boost,US,GPE,271,271
636,USDA,ORG,urge,USDA,ORG,10133,10133
639,SHULTZ,ORG,welcome,TOKYO,GPE,12063,86
640,Shultz,PERSON,say,TOKYO,GPE,12063,86
641,US,GPE,go,TOKYO,GPE,271,86
642,US,GPE,say,TOKYO,GPE,271,86
644,EC,ORG,say,ACP,ORG,10180,12067
645,Wilson,PERSON,say,Luxembourg,GPE,11397,209
646,Shultz,PERSON,say,State,ORG,12063,12062
647,Bilzerian,ORG,pay,Bilzerian,ORG,11680,11680
648,Weinberger,PERSON,protect,Iran,GPE,21336,222
649,Washington,GPE,say,Bahrain,GPE,95,254
650,Asamera,ORG,say,Inc,ORG,15333,11764
651,Asamera,ORG,block,Viacom,ORG,15333,12110
657,Romania,GPE,give,Romania,GPE,425,425
658,Reagan,PERSON,send,Congress,ORG,20351,10182
660,CCC,ORG,stockan,CCC,ORG,10482,10482
661,Wright,PERSON,provide,Congress,ORG,20971,10182
667,Union,GPE,use,Gulf,LOC,12851,18165
668,Japan,GPE,say,Minpeco,ORG,85,12172
670,Republicans,NORP,increase,US,GPE,9975,271
671,Sloane,PERSON,say,Venice,GPE,21945,399
673,US,GPE,say,Shultz,PERSON,271,12063
680,Pertamina,ORG,affiliated,Kuwait,GPE,12209,134
684,UK,GPE,adjust,UK,GPE,612,612
693,Revlon,ORG,sell,Gillette,ORG,11247,12241
694,Lynch,ORG,hold,25,CARDINAL,12089,6094
697,EC,ORG,rule,EC,ORG,10180,10180
702,Ecuador,GPE,say,Ecuador,GPE,219,219
703,Woods,PERSON,say,EC,ORG,21072,10180
704,Woods,PERSON,join,EC,ORG,21072,10180
705,Woods,PERSON,criticise,Brazil,GPE,21072,112
707,ZCCM,PERSON,account,ZCCM,PERSON,1146,1146
721,Union,ORG,rely,Transco,ORG,12851,12422
724,Council,ORG,end,Council,ORG,13587,13587
732,CHINA,GPE,commitment,USDA,ORG,96,10133
733,China,ORG,add,USDA,ORG,96,10133
735,OECD,ORG,see,Dome,FAC,12462,10543
736,OECD,ORG,say,OECD,ORG,12462,12462
742,Squibb,ORG,say,Reuters,ORG,12474,10130
743,Squibb,ORG,buy,Cetus,ORG,12474,12477
744,Squibb,ORG,become,Cetus,ORG,12474,12477
746,Squibb,ORG,sell,Japan,GPE,12474,85
747,Squibb,ORG,have,Japan,GPE,12474,85
749,Japan,ORG,limit,Miyazawa,ORG,85,10616
750,Sullivan,PERSON,mean,M1,WORK_OF_ART,20577,1941
751,Fed,ORG,say,Fed,ORG,10147,10147
752,SHULTZ,ORG,warn,ASEAN,ORG,12063,10107
758,JAPAN,GPE,trouble,Indonesia,GPE,85,98
771,INOC,ORG,go,Colombo,GPE,12503,105
777,Shell,ORG,achieve,Japan,GPE,11589,85
779,CHRYSLER,ORG,acquire,CHRYSLER,ORG,10456,10456
780,Corp,ORG,say,ELECTROSPACE,ORG,14236,12541
788,Karlsruhe,GPE,raise,Karlsruhe,GPE,668,668
789,TUNISIA,GPE,buy,Trailways,GPE,198,12552
790,Tunisia,GPE,buy,Trailways,GPE,198,12552
791,MEGAVEST,ORG,acquire,midnight,TIME,12566,24114
792,USDA,ORG,notify,Australia,GPE,10133,94
795,OPEC,ORG,meeting,CANADA,GPE,10199,111
798,OPEC,ORG,evaluate,OPEC,ORG,10199,10199
799,OPEC,ORG,become,OPEC,ORG,10199,10199
804,Gwinnett,GPE,say,Lawrenceville,GPE,684,682
805,Gwinnett,GPE,have,Lawrenceville,GPE,684,682
814,BRAZIL,GPE,buy,Brazil,GPE,112,112
815,Board,ORG,say,Brazil,GPE,18232,112
823,JACOBS,PERSON,have,GILLETTE,ORG,12625,12241
825,Harcourt,ORG,bid,Reed,PERSON,502,20036
826,Harcourt,GPE,make,Corp,ORG,502,14236
827,Rosenbaum,PERSON,say,Brazil,GPE,21168,112
828,KUWAIT,ORG,lease,Japan,GPE,134,85
829,Kuwait,GPE,say,Japan,GPE,134,85
830,Kuwait,GPE,transport,Gulf,LOC,134,18165
837,Inc,ORG,vote,Brunswick,GPE,11764,303
839,US,GPE,ask,CONGRESS,ORG,271,10182
845,Tenneco,ORG,pay,Tenneco,GPE,13650,13650
849,OPEC,ORG,think,Tokyo,GPE,10199,86
852,Oteiba,ORG,say,Alexandria,GPE,11411,705
854,NORWAY,GPE,cut,Norway,GPE,123,123
855,NORWAY,GPE,extend,Norway,GPE,123,123
864,Canada,ORG,stop,Danish,NORP,111,9970
865,Canadians,NORP,tell,Danish,NORP,9880,9970
866,Canadians,NORP,postpone,Danish,NORP,9880,9970
870,Iraq,GPE,set,Vienna,GPE,220,490
871,Iraq,GPE,say,Vienna,GPE,220,490
872,Iraq,GPE,include,Iraq,GPE,220,220
873,Iraq,GPE,reject,Iraq,GPE,220,220
874,Iraq,GPE,set,Iran,GPE,220,222
881,Japan,GPE,beat,EC,ORG,85,10180
882,ARMISTICE,ORG,elude,EC,ORG,12761,10180
883,EC,ORG,say,Inc,ORG,10180,11764
885,Gulf,LOC,bring,America,GPE,18165,293
886,Washington,GPE,be,US,GPE,95,271
887,Washington,GPE,increase,US,GPE,95,271
888,US,GPE,say,Iran,GPE,271,222
889,US,GPE,deploy,Iran,GPE,271,222
890,Iran,GPE,use,Gulf,LOC,222,18165
891,Iran,GPE,say,Gulf,LOC,222,18165
894,Americans,NORP,leave,iranian,NORP,9941,9912
895,Kuwait,GPE,be,iranian,NORP,134,9912
896,FED,ORG,repurchase,Iran,GPE,10147,222
897,FED,ORG,say,Iran,GPE,10147,222
898,FED,ORG,set,Iran,GPE,10147,222
899,CYCLOPS,ORG,approve,FED,ORG,12775,10147
900,Dixons,ORG,say,dixons,ORG,11552,11552
901,Dixons,ORG,hold,dixons,ORG,11552,11552
908,Corp,ORG,say,MEXICAN,NORP,14236,9916
916,Campeau,ORG,thwart,Campeau,ORG,11187,11187
918,Campeau,ORG,engage,Allied,ORG,11187,11186
927,Pennsylvania,GPE,have,Pennsylvania,GPE,499,499
928,Castle,ORG,amp,Cooke,PERSON,14926,22312
932,Germans,NORP,budge,Chirac,PERSON,9905,21284
936,Campeau,ORG,acquire,Corp,ORG,11187,14236
937,Campeau,ORG,make,Allied,ORG,11187,11186
939,Israel,GPE,expect,Yaacobi,ORG,362,12961
940,Israel,GPE,allow,FTA,ORG,362,12962
941,Israel,GPE,act,US,GPE,362,271
942,Israel,GPE,enable,US,GPE,362,271
943,Israel,GPE,export,Europe,LOC,362,1657
946,Citicorp,ORG,reach,CALIFORNIA,GPE,10835,152
949,Cyclops,PRODUCT,say,Inc,ORG,12775,11764
950,USDA,ORG,offer,Amstutz,PERSON,10133,15606
952,Greyhound,FAC,say,ICC,ORG,13008,13009
954,IEP,ORG,lift,ULTRAMAR,ORG,13019,13020
956,Miyazawa,ORG,say,Japan,GPE,10616,85
957,Miyazawa,PERSON,say,Japan,GPE,10616,85
959,Malaysia,GPE,say,Council,ORG,90,13587
960,Malaysia,GPE,expand,Asia,LOC,90,1656
963,Opec,ORG,stabilize,opec,ORG,10199,10199
964,Poehl,ORG,speak,Bundesbank,ORG,10230,10152
966,Bundesbank,ORG,say,Germany,GPE,10152,244
967,LAWSON,PERSON,say,US,GPE,875,271
969,ASA,ORG,spend,Romero,PERSON,13042,20810
972,STOLTENBERG,ORG,say,Baker,PERSON,743,13207
973,Baker,PERSON,underscore,US,GPE,13207,271
975,Stoltenberg,NORP,stabilize,Stoltenberg,NORP,743,743
978,Iran,GPE,assault,Iran,GPE,222,222
980,Indonesia,GPE,say,Association,ORG,98,18195
981,Subroto,PERSON,tell,Association,ORG,1331,18195
983,Iran,GPE,say,Aqazadeh,PERSON,222,21335
984,Iran,GPE,assault,Iran,GPE,222,222
986,Inc,ORG,hold,Inc,ORG,11764,11764
988,REAGAN,PERSON,send,Reagan,PERSON,20351,20351
992,Gandhi,PERSON,leave,Washington,GPE,21343,95
993,USDA,ORG,accept,Washington,GPE,10133,95
996,Germans,NORP,arrive,DANIDA,ORG,9905,13074
1002,ICAHN,ORG,drop,TWA,ORG,10261,13100
1003,ICAHN,ORG,ltTWA,TWA,ORG,10261,13100
1004,Inc,ORG,say,TWA,ORG,11764,13100
1006,Rafsanjani,PERSON,broadcast,Parliament,ORG,13104,18444
1007,Lyng,PERSON,tell,Reuters,ORG,11486,10130
1014,GORDON,PERSON,acquire,PAGECORP,ORG,20901,13113
1017,Copa,LOC,pursue,EC,ORG,13118,10180
1023,Lyng,PERSON,tell,Reuters,ORG,11486,10130
1028,SOVIETS,NORP,hold,Iran,GPE,9931,222
1029,EC,ORG,rise,EC,ORG,10180,10180
1030,Congress,ORG,consume,EC,ORG,10182,10180
1035,US,GPE,oppose,US,GPE,271,271
1036,US,GPE,eliminate,EC,ORG,271,10180
1037,US,GPE,sayif,Samuels,PERSON,271,13141
1038,US,GPE,see,GATT,ORG,271,10411
1039,IRAN,GPE,warn,GATT,ORG,222,10411
1041,US,GPE,say,Weinberger,PERSON,271,21336
1042,US,GPE,seek,Weinberger,PERSON,271,21336
1049,BAKER,PERSON,win,Baker,PERSON,13207,13207
1051,Bundesbank,ORG,tell,Frankfurt,GPE,10152,272
1052,Bundesbank,ORG,say,London,GPE,10152,128
1054,EC,ORG,agree,ARGENTINA,ORG,10180,241
1055,EC,ORG,follow,Spain,GPE,10180,125
1056,Germany,GPE,increase,Argentina,GPE,244,241
1058,EC,ORG,ask,GATT,ORG,10180,10411
1061,House,ORG,pass,Congress,ORG,10414,10182
1062,Bonn,GPE,call,US,GPE,292,271
1065,Iran,GPE,target,Pentagon,ORG,222,10851
1077,Aziz,PERSON,s,Washington,GPE,15273,95
1078,Washington,GPE,fly,Kuwait,GPE,95,134
1083,Oakley,PERSON,call,Iran,GPE,12659,222
1084,Banco,ORG,do,Brasil,ORG,10767,1390
1088,Iran,GPE,have,Kuwait,GPE,222,134
1089,Iran,GPE,shell,Iran,GPE,222,222
1090,Iran,GPE,tell,Reuters,ORG,222,10130
1091,US,GPE,end,JAPAN,GPE,271,85
1093,Reagan,PERSON,impose,JAPAN,GPE,20351,85
1094,Reagan,PERSON,end,US,GPE,20351,271
1099,SEC,ORG,approve,southland,ORG,10222,13225
1100,SEC,ORG,acquire,Southland,ORG,10222,13225
1103,Iran,GPE,resolve,US,GPE,222,271
1104,Gulf,LOC,require,Reagan,PERSON,18165,20351
1105,Gulf,LOC,comply,Reagan,PERSON,18165,20351
1112,Walters,PERSON,say,Iran,GPE,13240,222
1117,Iran,GPE,say,Iran,GPE,222,222
1121,Goria,PERSON,say,Iran,GPE,21422,222
1122,Goria,PERSON,inform,Iran,GPE,21422,222
1123,Americans,NORP,join,Democrats,NORP,9941,9903
1125,Baker,PERSON,support,Germany,GPE,13207,244
1128,Weinberger,PERSON,warn,Iran,GPE,21336,222
1137,Washington,GPE,join,Moscow,GPE,95,211
1139,Iraq,GPE,blame,Iran,GPE,220,222
1140,Iran,GPE,meet,Amman,GPE,222,760
1141,Iran,GPE,discuss,Amman,GPE,222,760
1144,Washington,GPE,say,CDI,ORG,95,13283
1145,Washington,GPE,join,Moscow,GPE,95,211
1146,America,GPE,say,Moscow,GPE,293,211
1147,America,GPE,withdraw,Moscow,GPE,293,211
1149,Navy,ORG,give,Iran,GPE,19531,222
1150,Weinberger,PERSON,tell,Iran,GPE,21336,222
1151,BP,ORG,terminate,330p,PRODUCT,12870,23984
1152,BP,ORG,underwrite,330p,PRODUCT,12870,23984
1160,US,GPE,include,Argentina,GPE,271,241
1161,BALLADUR,ORG,urge,g7,ORG,10782,36
1162,BALLADUR,ORG,respect,g7,ORG,10782,36
1164,USDA,ORG,use,Moscow,GPE,10133,211
1165,USDA,ORG,publish,Moscow,GPE,10133,211
1168,Lambert,FAC,say,Iranians,NORP,22386,9911
1169,Lambert,FAC,indicate,Iran,GPE,22386,222
1170,US,GPE,fear,iranian,NORP,271,9912
1171,BALLADUR,ORG,urge,g7,ORG,10782,36
1172,BALLADUR,ORG,respect,g7,ORG,10782,36
1176,Iranians,NORP,say,US,GPE,9911,271
1183,Baker,PERSON,tell,US,GPE,13207,271
1185,US,GPE,believe,Baker,PERSON,271,13207
1192,Calmat,ORG,remain,Calmat,ORG,11528,11528
1203,Iran,GPE,receive,Nicosia,GPE,222,764
1205,Weinberger,PERSON,seek,Iran,GPE,21336,222
1208,Iran,GPE,damage,Reagan,PERSON,222,20351
1219,YEMEN,GPE,plan,Yemen,GPE,130,130
1220,Washington,GPE,leave,Stoltenberg,PRODUCT,95,743
1222,Poehl,ORG,be,Poehl,ORG,10230,10230
1223,Poehl,ORG,be,Poehl,ORG,10230,10230
1224,Democrats,NORP,appoint,Poehl,ORG,9903,10230
1228,Baker,PERSON,agree,Paris,GPE,13207,154
1229,Baker,PERSON,say,Paris,GPE,13207,154
1230,IRAN,GPE,warn,US,GPE,222,271
1231,IRAN,GPE,RAISING,GULF,GPE,222,18165
1232,Iran,GPE,warn,GULF,GPE,222,18165
1234,MINISTRY,ORG,have,BAKER,PERSON,10343,13207
1235,MINISTRY,ORG,remarks,BAKER,PERSON,10343,13207
1236,Ministry,ORG,comment,BAKER,PERSON,10343,13207
1239,China,GPE,say,Kang,PERSON,96,21525
1243,Baker,PERSON,be,US,GPE,13207,271
1244,Baker,PERSON,add,US,GPE,13207,271
1245,Baker,PERSON,say,US,GPE,13207,271
1246,Washington,GPE,reexamine,US,GPE,95,271
1247,Japan,GPE,receive,US,GPE,85,271
1250,Baker,PERSON,agree,Paris,GPE,13207,154
1251,Baker,PERSON,say,Paris,GPE,13207,154
1253,Palmer,PERSON,hold,suva,GPE,21530,789
1254,UGANDA,GPE,export,Europe,LOC,380,1657
1257,Union,GPE,supply,Iran,GPE,12851,222
1258,Union,GPE,say,Tehran,GPE,12851,233
1260,Inc,GPE,raise,Viacom,ORG,11764,12110
1264,UK,GPE,say,Thatcher,PERSON,612,21540
1265,UK,GPE,grow,Thatcher,PERSON,612,21540
1275,Cardenas,PERSON,tell,London,GPE,20410,128
1278,Roderick,PERSON,tell,Reuters,ORG,21560,10130
1295,Unilever,ORG,say,Chesebrough,GPE,10240,10241
1297,Hernandez,PERSON,dateif,OPEC,ORG,19682,10199
1299,Council,ORG,make,Reagan,PERSON,13587,20351
1300,Council,ORG,retaliate,Japan,GPE,13587,85
1301,CHAVIN,PERSON,tell,Chavin,PERSON,21582,21582
1305,Peking,GPE,persuade,Congress,ORG,388,10182
1306,US,GPE,admit,China,GPE,271,96
1309,Gorbachev,PERSON,say,Union,GPE,21598,12851
1310,Gorbachev,PERSON,oust,Union,GPE,21598,12851
1312,CORP,ORG,see,CORP,ORG,14236,14236
1316,Fed,ORG,agree,Nikko,ORG,10147,13671
1317,Fed,ORG,believe,Brusca,ORG,10147,11337
1318,Fed,ORG,add,Brusca,ORG,10147,11337
1322,Reagan,PERSON,persuade,Japan,GPE,20351,85
1324,Japan,GPE,return,US,GPE,85,271
1325,NAKASONE,ORG,visit,WASHINGTON,GPE,11933,95
1326,Nakasone,PERSON,hold,Washington,GPE,11933,95
1327,Nakasone,ORG,say,Gotoda,PERSON,11933,21605
1328,Nakasone,ORG,accompany,Kuranari,PERSON,11933,22248
1329,Nakasone,ORG,say,Washington,GPE,11933,95
1330,Council,ORG,recommend,Japan,GPE,13587,85
1331,Council,ORG,violate,Japan,GPE,13587,85
1332,Japan,GPE,dump,US,GPE,85,271
1333,ministry,ORG,tell,India,GPE,10343,267
1334,Koreans,NORP,buy,indian,NORP,9915,9959
1339,PHILIPPINES,GPE,lobby,US,GPE,108,271
1340,Philippines,GPE,ask,US,GPE,108,271
1341,SRA,ORG,protest,Reuters,ORG,13694,10130
1355,TAIWAN,GPE,win,Oregon,GPE,87,526
1356,TAIWAN,GPE,take,Minnesota,GPE,87,569
1358,TAIWAN,GPE,receive,Minnesota,GPE,87,569
1360,AUSTRALIA,ORG,make,US,GPE,94,271
1361,Botswana,GPE,stop,Zimbabwe,GPE,814,343
1364,Bundesbank,ORG,produce,Kahn,PERSON,10152,20684
1368,Dutch,NORP,revalue,EMS,ORG,9893,10742
1371,NAKASONE,ORG,visit,WASHINGTON,GPE,11933,95
1372,Nakasone,PERSON,hold,Washington,GPE,11933,95
1373,Nakasone,ORG,say,Gotoda,PERSON,11933,21605
1374,Nakasone,ORG,accompany,Kuranari,PERSON,11933,22248
1375,Nakasone,ORG,say,Washington,GPE,11933,95
1376,Council,ORG,recommend,Japan,GPE,13587,85
1377,Council,ORG,violate,Japan,GPE,13587,85
1378,Japan,GPE,dump,US,GPE,85,271
1379,Japan,GPE,suspend,Spain,ORG,85,125
1380,Council,ORG,take,Japan,GPE,13587,85
1381,US,GPE,handed,Nakasone,ORG,271,11933
1382,US,GPE,tell,Reagan,PERSON,271,20351
1387,Greece,GPE,buy,PARIS,GPE,214,154
1388,Greece,GPE,fixing,FRANCE,GPE,214,155
1389,ministry,ORG,tell,India,GPE,10343,267
1390,Papandreou,PERSON,say,Abidjan,GPE,21632,816
1392,Athens,GPE,attachin,Athens,GPE,215,215
1393,Papandreou,PERSON,say,Athens,GPE,21632,215
1396,Turkey,GPE,say,Turkey,GPE,213,213
1403,CCC,ORG,make,CCC,ORG,10482,10482
1406,Clearwater,GPE,hold,London,GPE,822,128
1407,NATO,ORG,discuss,Greece,GPE,10407,214
1410,UK,GPE,issue,japanese,NORP,612,9869
1416,Clark,PERSON,say,Japan,GPE,17798,85
1417,Reagan,PERSON,impose,Japan,GPE,20351,85
1418,Reagan,PERSON,curb,Council,ORG,20351,13587
1421,China,GPE,improve,Anhui,GPE,96,261
1422,REAGAN,PERSON,impose,JAPAN,GPE,20351,85
1423,REAGAN,PERSON,impose,Japan,GPE,20351,85
1424,Reagan,PERSON,curb,Council,ORG,20351,13587
1433,Danforth,PERSON,tell,Reuters,ORG,13804,10130
1434,tonight,TIME,depend,Colorado,GPE,24109,687
1438,Crowley,PERSON,call,american,NORP,422,9868
1439,Crowley,PERSON,release,american,NORP,422,9868
1442,Redman,PERSON,adjourn,Seaforth,PERSON,21672,1010
1443,Canadian,NORP,define,M1,CARDINAL,9881,1941
1444,Canadian,NORP,fall,M1,CARDINAL,9881,1941
1453,Tokyo,GPE,say,Nakasone,ORG,86,11933
1454,Tokyo,GPE,send,Washington,GPE,86,95
1455,Japan,GPE,say,Tamura,PERSON,85,11557
1456,Washington,GPE,police,Japan,GPE,95,85
1457,Washington,GPE,impose,Japan,GPE,95,85
1459,Greece,GPE,say,London,GPE,214,128
1461,Japan,FAC,prevent,US,GPE,85,271
1462,US,GPE,say,US,GPE,271,271
1463,Tokyo,GPE,say,Nakasone,PERSON,86,11933
1464,Washington,GPE,send,Nakasone,PERSON,95,11933
1465,Washington,GPE,convince,US,GPE,95,271
1472,Japan,GPE,prevent,Japan,GPE,85,85
1473,Parliament,ORG,think,Japan,GPE,18444,85
1474,Parliament,ORG,delay,Japan,GPE,18444,85
1475,JAPAN,GPE,consider,Japan,GPE,85,85
1483,Japan,GPE,say,DLR,ORG,85,162
1484,Japan,GPE,commit,Paris,GPE,85,154
1485,JAPAN,GPE,cheat,Japan,GPE,85,85
1486,Japan,GPE,become,Japan,GPE,85,85
1488,Japan,GPE,s,Japan,GPE,85,85
1489,Japan,GPE,block,Thatcher,PERSON,85,21540
1492,Japan,GPE,open,Japan,GPE,85,85
1495,Japan,GPE,commit,Paris,GPE,85,154
1500,SINGAPORE,GPE,list,Singapore,GPE,127,127
1503,EC,ORG,impose,US,GPE,10180,271
1508,Mannesmann,PERSON,add,Berlin,GPE,14002,912
1514,BNL,ORG,aim,Union,GPE,14014,12851
1517,Japan,GPE,say,DLR,ORG,85,162
1518,Japan,GPE,commit,Paris,GPE,85,154
1519,Tokyo,GPE,say,Nakasone,ORG,86,11933
1520,Tokyo,GPE,send,Washington,GPE,86,95
1521,Japan,GPE,prevent,Japan,GPE,85,85
1524,Parliament,ORG,think,Japan,GPE,18444,85
1525,Parliament,ORG,delay,Japan,GPE,18444,85
1526,JAPAN,GPE,cheat,Japan,GPE,85,85
1527,Japan,GPE,become,Japan,GPE,85,85
1529,Japan,GPE,s,Japan,GPE,85,85
1530,Japan,GPE,block,Thatcher,PERSON,85,21540
1537,Japan,EVENT,prevent,US,GPE,85,271
1538,US,GPE,say,US,GPE,271,271
1539,Tokyo,GPE,say,Nakasone,PERSON,86,11933
1540,Washington,GPE,send,Nakasone,PERSON,95,11933
1541,Washington,GPE,convince,US,GPE,95,271
1544,Japan,GPE,extract,Congress,ORG,85,10182
1545,Mulford,PERSON,call,Japan,GPE,14018,85
1547,Germany,GPE,tell,Congress,ORG,244,10182
1548,Papandreou,PERSON,withdraw,Washington,GPE,21632,95
1550,Greenock,ORG,tow,GREENOCK,ORG,857,857
1551,Japan,GPE,commit,Paris,GPE,85,154
1562,Congress,ORG,REPURCHASE,FED,ORG,10182,10147
1563,Corp,ORG,say,FED,ORG,14236,10147
1566,OPPENHEIMER,ORG,tell,Inc,ORG,14087,11764
1567,BOFORS,ORG,sell,SINGAPORE,GPE,14100,127
1568,BOFORS,ORG,holding,SINGAPORE,GPE,14100,127
1569,BOARD,ORG,doubt,Brazil,GPE,18232,112
1574,Democrat,NORP,press,Japan,GPE,9918,85
1575,Democrat,NORP,buy,Japan,GPE,9918,85
1579,INC,ORG,make,IBC,ORG,11764,631
1583,shearson,ORG,say,shearson,ORG,10227,10227
1585,Britain,GPE,say,Lawson,PERSON,124,875
1594,BILZERIAN,ORG,tell,SEC,ORG,11680,10222
1599,Japan,GPE,retaliate,Japan,GPE,85,85
1600,M1,PRODUCT,say,Reuters,ORG,1941,10130
1610,Washington,GPE,push,Nakasone,ORG,95,11933
1611,CSR,ORG,say,Nakasone,ORG,10563,11933
1612,CSR,ORG,sell,Nakasone,ORG,10563,11933
1613,Esso,ORG,hope,McGill,PERSON,10699,16826
1615,CSR,ORG,provide,CSR,ORG,10563,10563
1616,CSR,ORG,share,Esso,ORG,10563,10699
1620,India,GPE,export,Japan,GPE,267,85
1621,Japan,GPE,say,Tokyo,GPE,85,86
1622,Japan,GPE,reduce,India,GPE,85,267
1629,Europe,LOC,support,US,GPE,1657,271
1630,EC,ORG,tell,Reuters,ORG,10180,10130
1631,Japan,GPE,deplore,Tokyo,GPE,85,86
1632,Japan,GPE,be,Japan,GPE,85,85
1633,Japan,GPE,accredit,EC,ORG,85,10180
1635,British,NORP,threaten,Japan,GPE,9899,85
1636,FED,ORG,set,Japan,GPE,10147,85
1637,FED,ORG,REPURCHASE,Japan,GPE,10147,85
1638,FED,ORG,say,Japan,GPE,10147,85
1639,FED,ORG,set,Japan,GPE,10147,85
1640,FED,ORG,REPURCHASE,FED,ORG,10147,10147
1642,Japan,GPE,arrange,Britain,GPE,85,124
1643,AKZO,ORG,revise,Britain,GPE,14314,124
1644,Chung,PERSON,leave,Washington,GPE,21026,95
1648,Bundesbank,ORG,comment,Tokyo,GPE,10152,86
1649,CSR,ORG,raise,Delhi,GPE,10563,250
1650,CSR,ORG,sell,CSR,ORG,10563,10563
1651,CSR,ORG,share,Esso,ORG,10563,10699
1656,CSR,ORG,mean,Delhi,GPE,10563,250
1658,US,GPE,ratify,Washington,GPE,271,95
1659,US,GPE,say,Washington,GPE,271,95
1661,Japan,GPE,say,Tokyo,GPE,85,86
1662,France,GPE,say,Paris,GPE,155,154
1664,Japan,GPE,say,Yeutter,PERSON,85,1127
1666,BUNDESBANK,ORG,intervene,Delhi,GPE,10152,250
1667,Bundesbank,ORG,comment,Tokyo,GPE,10152,86
1671,FED,ORG,add,atlantic,LOC,10147,1748
1674,Cabinet,ORG,buy,Thailand,ORG,12719,97
1680,Chung,PERSON,hold,Baker,PERSON,21026,13207
1681,375p,PRODUCT,say,Lawson,PERSON,23996,875
1682,CORP,ORG,offer,CORP,ORG,14236,14236
1684,Callebaut,PERSON,tell,Reuters,ORG,14017,10130
1686,Baker,PERSON,achieve,Paris,GPE,13207,154
1694,Akzo,ORG,spend,Loudon,ORG,14314,14394
1700,CFTC,ORG,leave,KCBT,ORG,14401,14403
1704,EC,ORG,back,China,ORG,10180,96
1707,Roberts,PERSON,include,Moscow,GPE,21871,211
1708,Shultz,PERSON,go,Moscow,GPE,12063,211
1712,Japan,GPE,send,Washington,GPE,85,95
1718,LAROCHE,ORG,drop,NECO,PERSON,14449,14451
1720,REAGAN,PERSON,say,BAKER,PERSON,20351,13207
1721,FED,ORG,set,BAKER,PERSON,10147,13207
1722,FED,ORG,REPURCHASE,BAKER,PERSON,10147,13207
1723,FED,ORG,say,BAKER,PERSON,10147,13207
1724,FED,ORG,set,BAKER,PERSON,10147,13207
1725,FED,ORG,REPURCHASE,FED,ORG,10147,10147
1726,FED,ORG,add,FED,ORG,10147,10147
1728,Amstutz,PERSON,defeat,Reuters,ORG,15606,10130
1729,Bangemann,PERSON,urge,US,GPE,11097,271
1731,YEUTTER,EVENT,say,Japanese,NORP,1127,9869
1732,Japan,GPE,honor,US,GPE,85,271
1736,Chirac,PERSON,sell,Africa,LOC,21284,1217
1743,Warner,ORG,escape,GAF,ORG,12157,10317
1750,CNT,ORG,say,Oklahoma,GPE,14528,496
1753,JAPAN,GPE,buy,Japan,GPE,85,85
1757,Corp,ORG,accept,Myers,ORG,14236,13632
1759,Alza,ORG,make,Corp,ORG,14533,14236
1763,Reagan,PERSON,defend,Japan,GPE,20351,85
1766,Reagan,PERSON,announce,Japan,GPE,20351,85
1769,USDA,ORG,say,EEP,ORG,10133,17972
1771,Reagan,PERSON,announce,Japan,GPE,20351,85
1773,DOT,ORG,owe,USDA,ORG,14240,10133
1774,DOT,ORG,tell,Sims,PERSON,14240,12109
1780,Cote,PERSON,tell,Reuters,ORG,14603,10130
1783,USDA,ORG,accept,ALGERIA,GPE,10133,283
1784,Corp,ORG,accept,Sims,PERSON,14236,12109
1785,Heyman,PERSON,tell,Reuters,ORG,13457,10130
1788,ITC,ORG,advise,Reagan,PERSON,10428,20351
1792,OPPENHEIMER,ORG,tell,Inc,ORG,14087,11764
1793,CORP,ORG,offer,DBA,ORG,14236,14671
1794,CORP,ORG,offer,DBA,ORG,14236,14671
1800,BOLIDEN,ORG,OFFICIALSWEDEN,BOLIDEN,ORG,13377,13377
1801,BOLIDEN,ORG,ltBLDS,AB,ORG,13377,16324
1805,Bundesbank,ORG,call,Bundesbank,ORG,10152,10152
1806,ab,ORG,take,Bundesbank,ORG,16324,10152
1810,London,GPE,buffer,Malaysia,GPE,128,90
1812,Fed,ORG,tighten,Fed,ORG,10147,10147
1815,Berry,PERSON,tell,midnight,TIME,15653,24114
1816,London,GPE,hit,London,GPE,128,128
1817,Western,LOC,acquire,Citadel,ORG,19875,14742
1818,Western,LOC,propose,Citadel,ORG,19875,14742
1819,Citadel,ORG,pay,Citadel,ORG,14742,14742
1820,SWEDEN,GPE,fund,Sweden,GPE,312,312
1824,FAO,ORG,approve,ETHIOPIA,GPE,10636,675
1825,Malawi,GPE,feed,Malawi,GPE,679,679
1826,Sosnoff,PERSON,say,Vanuatu,GPE,11114,959
1828,Pratt,PERSON,terminate,Vanuatu,GPE,14746,959
1831,EC,ORG,receive,France,GPE,10180,155
1837,USDA,ORG,adjust,Gulf,LOC,10133,18165
1841,USDA,ORG,adjust,Gulf,LOC,10133,18165
1845,PACIFIC,ORG,have,Japan,ORG,1723,85
1846,PACIFIC,ORG,have,PACIFIC,ORG,1723,1723
1856,Washington,GPE,make,Peking,GPE,95,388
1857,USDA,ORG,approve,China,GPE,10133,96
1858,Soviets,NORP,say,Shultz,PERSON,9931,12063
1859,Washington,GPE,offer,Shultz,PERSON,95,12063
1860,House,ORG,include,Soviets,NORP,10414,9931
1873,US,GPE,promise,SPAIN,GPE,271,125
1874,Spain,GPE,promise,SPAIN,GPE,125,125
1877,Inc,ORG,reach,Purolator,ORG,11764,10682
1890,Reuters,ORG,make,Reuters,ORG,10130,10130
1893,Corp,ORG,add,Norrell,ORG,14236,14871
1894,Norrell,ORG,pay,Norrell,ORG,14871,14871
1896,Japan,GPE,control,Reuters,ORG,85,10130
1898,CHIRAC,PERSON,tell,Chirac,PERSON,21284,21284
1899,Chirac,PERSON,warn,France,GPE,21284,155
1910,Polaroid,ORG,take,Edelman,PERSON,14946,11905
1911,Polaroid,ORG,kick,Polaroid,ORG,14946,14946
1912,Polaroid,ORG,resurface,Polaroid,ORG,14946,14946
1913,Polaroid,ORG,have,Polaroid,ORG,14946,14946
1914,Edelman,PERSON,make,Edelman,PERSON,11905,11905
1916,Kaul,PERSON,estimate,Kaul,PERSON,22066,22066
1917,Kaul,PERSON,include,Kaul,PERSON,22066,22066
1921,Danforth,ORG,inform,BP,ORG,13804,12870
1929,ATLANTIC,ORG,say,Corp,ORG,1748,14236
1935,MEXICO,GPE,buy,Mexico,GPE,103,103
1937,EEP,ORG,urge,ussr,GPE,17972,294
1938,EEP,ORG,offer,ussr,GPE,17972,294
1940,EEP,ORG,move,Congress,ORG,17972,10182
1949,Japan,GPE,resolve,Washington,GPE,85,95
1950,EC,ORG,deny,US,GPE,10180,271
1951,EC,ORG,import,Reuters,ORG,10180,10130
1952,Marcos,PERSON,own,SMC,ORG,20293,1429
1953,SMC,ORG,buy,UCPB,ORG,1429,10218
1954,LAWSON,PERSON,indicate,Lawson,PERSON,875,875
1957,FRANCE,GPE,sell,CHINA,GPE,155,96
1958,FRANCE,GPE,sell,France,GPE,155,155
1960,TOKYO,GPE,intervene,JAPAN,ORG,86,85
1961,TOKYO,GPE,opening,JAPAN,ORG,86,85
1962,TOKYO,GPE,intervene,Japan,ORG,86,85
1963,JAPAN,GPE,warn,Japan,GPE,85,85
1964,JAPAN,GPE,send,Japan,GPE,85,85
1965,Reagan,PERSON,present,Washington,GPE,20351,95
1966,Reagan,PERSON,contain,Reagan,PERSON,20351,20351
1968,Harper,PERSON,grant,Harper,PERSON,14040,14040
1972,trustee,ORG,say,Corp,ORG,15140,14236
1976,Mellon,ORG,say,mexican,NORP,10390,9916
1984,US,GPE,say,FRANCE,GPE,271,155
1986,China,GPE,renounce,France,GPE,96,155
1987,France,GPE,offer,France,GPE,155,155
1989,PAKISTAN,GPE,tender,Pakistan,GPE,217,217
1993,TAIWAN,GPE,supply,Chicago,ORG,87,189
1996,Pakistan,GPE,see,India,GPE,217,267
1997,Japan,GPE,ship,Korea,GPE,85,524
1998,Japan,GPE,say,Korea,GPE,85,524
2001,INDIA,GPE,BUYS,PAKISTAN,GPE,267,217
2002,INDIA,GPE,buy,STC,ORG,267,13678
2009,Halvorsen,PERSON,tell,Reuters,ORG,22143,10130
2010,Baker,PERSON,go,Darman,PERSON,13207,20640
2025,Baker,PERSON,draw,Brazil,GPE,13207,112
2036,Amsterdam,GPE,aim,Frankfurt,GPE,391,272
2042,PAKISTAN,GPE,see,Pakistan,GPE,217,217
2052,Chileans,NORP,hold,Chinese,NORP,10059,9887
2067,Snyder,ORG,allow,Corp,ORG,11718,14236
2068,Snyder,ORG,acquire,Corp,ORG,11718,14236
2076,BRAZIL,GPE,import,Brazil,GPE,112,112
2078,Saudis,NORP,accept,ALGERIA,GPE,9961,283
2080,US,GPE,acquire,US,GPE,271,271
2101,IBC,ORG,register,Myers,PERSON,631,13632
2102,IBC,ORG,register,Myers,PERSON,631,13632
2111,LAWSON,PERSON,say,UK,GPE,875,612
2112,LAWSON,PERSON,ELECTIONnot,UK,GPE,875,612
2115,Navy,ORG,increase,Gulf,LOC,19531,18165
2116,Navy,ORG,keep,Europe,LOC,19531,1657
2117,Navy,ORG,say,Europe,LOC,19531,1657
2118,IEA,ORG,see,dlr,MONEY,11829,162
2119,Canada,GPE,decline,IEA,ORG,111,11829
2121,Fed,ORG,say,Lanston,ORG,10147,10984
2126,ALCAN,ORG,have,Frankfurt,GPE,12037,272
2129,USSR,GPE,have,Iraq,GPE,294,220
2130,USSR,GPE,negotiate,Kuwait,GPE,294,134
2136,TOKYO,GPE,intervene,JAPAN,ORG,86,85
2137,TOKYO,GPE,open,JAPAN,ORG,86,85
2138,Inc,ORG,comprise,Americas,LOC,11764,1829
2139,USSR,GPE,have,Iraq,GPE,294,220
2140,USSR,GPE,negotiate,Kuwait,GPE,294,134
2143,GAO,ORG,obtain,GAO,ORG,11827,11827
2146,BRITAIN,GPE,warn,JAPAN,GPE,124,85
2147,BRITAIN,GPE,tell,Japan,GPE,124,85
2149,London,GPE,ban,Britain,GPE,128,124
2150,London,GPE,ensure,Britain,GPE,128,124
2162,VOLCKER,ORG,need,VOLCKER,ORG,10549,10549
2163,JAPAN,GPE,cut,VOLCKER,ORG,85,10549
2175,Bundesbank,ORG,note,Bavaria,GPE,10152,1080
2178,g7,FAC,include,Italy,GPE,36,149
2179,Italy,GPE,boycott,Paris,GPE,149,154
2180,Italy,GPE,deal,Paris,GPE,149,154
2181,Italy,GPE,attend,Paris,GPE,149,154
2182,Italy,GPE,reduce,Paris,GPE,149,154
2183,Treasury,ORG,say,Paris,GPE,10162,154
2184,KUWAIT,GPE,seek,Kuwait,GPE,134,134
2185,KUWAIT,GPE,ask,Kuwait,GPE,134,134
2188,Kuwaitis,NORP,ask,Iran,GPE,9991,222
2190,Congress,ORG,say,Volcker,ORG,10182,10549
2193,BOARD,ORG,receive,NPPC,ORG,18232,1150
2195,Germany,GPE,confirm,Bundesbank,ORG,244,10152
2196,Beall,PERSON,make,US,GPE,15590,271
2198,FED,ORG,repurchase,US,GPE,10147,271
2199,FED,ORG,say,US,GPE,10147,271
2200,FED,ORG,set,US,GPE,10147,271
2202,US,GPE,propose,US,GPE,271,271
2203,US,GPE,rise,US,GPE,271,271
2204,Washington,GPE,reduce,Japanese,NORP,95,9869
2206,McCormick,PERSON,say,Inc,ORG,22278,11764
2207,KUWAIT,GPE,use,US,GPE,134,271
2208,Kuwait,GPE,say,US,GPE,134,271
2209,Kuwait,GPE,ask,US,GPE,134,271
2212,Kuwaitis,NORP,ask,Iran,GPE,9991,222
2217,EC,ORG,say,California,GPE,10180,152
2218,EC,ORG,sell,California,GPE,10180,152
2219,EC,ORG,say,California,GPE,10180,152
2220,EC,ORG,sell,California,GPE,10180,152
2221,EC,ORG,load,California,GPE,10180,152
2222,EC,ORG,wait,California,GPE,10180,152
2227,EC,ORG,receive,UK,GPE,10180,612
2232,CCC,ORG,transfer,Corp,ORG,10482,14236
2233,HONDURAS,GPE,tender,Honduras,GPE,192,192
2237,CCC,ORG,cover,Algeria,GPE,10482,283
2250,ENI,ORG,invest,PORTLAND,GPE,11983,355
2253,Klopfenstein,PERSON,tell,Reuters,ORG,20664,10130
2257,Herrington,PERSON,tell,Congress,ORG,23248,10182
2258,JORDAN,PERSON,boost,Jordan,PERSON,350,350
2260,CANADIANS,NORP,exempt,Canada,GPE,9880,111
2261,House,ORG,consider,Canada,GPE,10414,111
2262,House,ORG,require,Reagan,PERSON,10414,20351
2265,Japan,GPE,explain,Miyazawa,ORG,85,10616
2269,TOKYO,GPE,intervene,JAPAN,ORG,86,85
2270,TOKYO,GPE,opening,JAPAN,ORG,86,85
2275,REPUBLIC,GPE,sell,US,GPE,277,271
2276,Republic,GPE,sell,US,GPE,277,271
2283,Brazil,GPE,reduce,Brazil,GPE,112,112
2286,INDIA,GPE,buy,House,ORG,267,10414
2287,INDIA,GPE,buy,House,ORG,267,10414
2288,TURKEY,GPE,expect,Turkey,GPE,213,213
2289,Corp,ORG,share,fisher,ORG,14236,11812
2292,Korea,GPE,tell,Reuters,ORG,524,10130
2302,Roach,ORG,provide,Roach,PERSON,15371,15371
2303,Roach,ORG,provide,Roach,PERSON,15371,15371
2311,25,CARDINAL,wait,25,CARDINAL,6094,6094
2312,COLOMBIA,GPE,blast,US,GPE,212,271
2315,Colombia,GPE,earn,Colombia,PERSON,212,212
2316,Bell,ORG,allow,Justice,ORG,10208,13004
2317,Association,ORG,say,Inc,ORG,18195,11764
2318,Japan,GPE,say,Fed,ORG,85,10147
2323,LNG,ORG,say,Algeria,GPE,10589,283
2326,TWA,ORG,say,USAir,ORG,13100,11118
2327,ASIA,LOC,press,Japan,GPE,1656,85
2329,Yeutter,PERSON,meet,Japan,GPE,1127,85
2330,Lyng,PERSON,visit,Tokyo,GPE,11486,86
2331,Seoul,GPE,say,Association,ORG,114,18195
2336,American,NORP,ltlos,Association,ORG,9868,18195
2345,Congress,ORG,nudge,USDA,ORG,10182,10133
2346,Viacom,ORG,have,Redstone,ORG,12110,15913
2347,Viacom,ORG,tell,Reuters,ORG,12110,10130
2349,Viacom,ORG,s,Viacom,ORG,12110,12110
2350,Congress,ORG,threaten,EEC,ORG,10182,15915
2352,YEUTTER,ORG,seek,GATT,ORG,1127,10411
2353,Inc,ORG,merge,Piedmont,GPE,11764,1121
2354,Inc,ORG,meet,Piedmont,GPE,11764,1121
2355,Icahn,ORG,acquire,USAir,ORG,10261,11118
2357,USDA,ORG,make,Moscow,GPE,10133,211
2359,Inc,ORG,combine,Piedmont,GPE,11764,1121
2360,Inc,ORG,merge,piedmont,GPE,11764,1121
2362,CSBC,ORG,benefit,Taiwan,GPE,22400,87
2363,CSBC,ORG,say,Europe,LOC,22400,1657
2385,Taiwan,GPE,tell,Reuters,ORG,87,10130
2387,US,GPE,tell,JAPAN,GPE,271,85
2388,Wallis,GPE,urge,Tokyo,GPE,1135,86
2389,Washington,GPE,want,dlr,MONEY,95,162
2395,CCC,ORG,accept,IRAQ,GPE,10482,220
2397,CCC,ORG,accept,EGYPT,GPE,10482,238
2398,Yeutter,PERSON,say,US,GPE,1127,271
2401,peseta,ORG,make,peseta,ORG,15217,15217
2412,BELL,ORG,say,Inc,ORG,10208,11764
2413,EC,ORG,fall,ROUEN,ORG,10180,831
2414,EC,ORG,fall,Rouen,GPE,10180,831
2425,NPPC,ORG,communicate,FDA,ORG,1150,16096
2430,Egypt,GPE,say,Egypt,GPE,238,238
2431,Egypt,GPE,produce,Egypt,GPE,238,238
2432,JAPAN,GPE,cut,Japan,GPE,85,85
2433,Kistler,PERSON,make,Justice,ORG,16118,13004
2434,Hughes,PERSON,explain,Justice,ORG,15975,13004
2435,Baker,PERSON,understand,Justice,ORG,13207,13004
2443,Texas,GPE,say,Texas,GPE,311,311
2446,Japan,GPE,say,Yeutter,PERSON,85,1127
2459,TWA,ORG,trigger,USAir,ORG,13100,11118
2460,TWA,ORG,free,Icahn,PERSON,13100,10261
2469,Wilson,PERSON,say,Canada,GPE,11397,111
2470,EC,ORG,take,Kohl,PERSON,10180,11951
2473,BAKER,PERSON,speak,DLR,ORG,13207,162
2474,Treasury,ORG,repeat,DLR,ORG,10162,162
2475,Treasury,ORG,speak,DLR,ORG,10162,162
2477,QATAR,GPE,recover,Qatar,GPE,452,452
2480,Unicorp,ORG,acquire,Lincoln,ORG,14857,14203
2481,FED,ORG,say,Unicorp,ORG,10147,14857
2482,FED,ORG,say,Unicorp,ORG,10147,14857
2483,Baker,PERSON,require,Justice,ORG,13207,13004
2484,Baker,PERSON,sell,Justice,ORG,13207,13004
2485,Baker,PERSON,say,Justice,ORG,13207,13004
2487,Nazer,PERSON,say,Nazer,PERSON,23050,23050
2490,Kuwait,GPE,deny,Ali,PERSON,134,21240
2494,REPH,ORG,submit,Pesch,ORG,16229,16230
2500,Brazil,GPE,say,Lambert,ORG,112,22386
2505,Democrat,NORP,urge,Reagan,PERSON,9918,20351
2506,Cairo,GPE,purchase,Cairo,GPE,994,994
2507,PEMEX,ORG,say,Cairo,GPE,11599,994
2516,TWA,ORG,say,Inc,ORG,13100,11764
2526,INC,ORG,publish,Agriculture,ORG,11764,11007
2529,Brazil,GPE,say,Dauster,PERSON,112,21266
2531,BAKER,PERSON,say,US,GPE,13207,271
2532,BAKER,PERSON,say,BAKER,PERSON,13207,13207
2536,Indonesia,GPE,import,Philippines,GPE,98,108
2543,FED,ORG,REPURCHASE,FED,ORG,10147,10147
2546,ECUADOR,GPE,suspend,Ecuador,GPE,219,219
2549,m1,PRODUCT,rise,CANADA,ORG,1941,111
2550,canadian,NORP,define,CANADA,ORG,9881,111
2553,Indonesia,GPE,increase,Indonesia,GPE,98,98
2563,Saudis,NORP,produce,Saudis,NORP,9961,9961
2566,Icahn,ORG,make,USAir,ORG,10261,11118
2567,Icahn,ORG,buy,USAir,ORG,10261,11118
2568,Icahn,ORG,sell,TWA,ORG,10261,13100
2574,Dome,ORG,move,Encor,ORG,10543,10541
2575,Dome,ORG,divest,Encor,ORG,10543,10541
2578,US,GPE,fall,FED,ORG,271,10147
2583,APC,ORG,hold,Atlanta,GPE,15564,227
2584,APC,ORG,continue,Atlanta,GPE,15564,227
2586,EaglesLair,ORG,resign,EaglesLair,ORG,16426,16426
2591,TWA,ORG,buy,TWA,ORG,13100,13100
2593,Congress,ORG,intend,US,GPE,10182,271
2596,Brazil,GPE,buy,Argentina,GPE,112,241
2597,DOT,ORG,dismiss,TWA,ORG,14240,13100
2598,COLOMBIA,GPE,selling,Colombia,GPE,212,212
2599,COLOMBIA,GPE,sell,Colombia,GPE,212,212
2605,Ecuador,GPE,hook,dlr,MONEY,219,162
2606,Venezuela,GPE,say,Lusinchi,PERSON,253,16488
2607,Venezuela,GPE,loan,Lusinchi,PERSON,253,16488
2608,Venezuela,GPE,ship,Venezuela,GPE,253,253
2609,Venezuela,GPE,travel,Ecuador,GPE,253,219
2610,Thailand,GPE,say,Thailand,GPE,97,97
2611,CHINA,GPE,increase,China,GPE,96,96
2613,AUSTRALIA,ORG,sell,Australia,ORG,94,94
2614,Harper,PERSON,sayloading,Australia,ORG,14040,94
2618,Union,GPE,urge,Japan,GPE,12851,85
2619,Europe,LOC,report,Europe,LOC,1657,1657
2623,Piedmont,GPE,amend,Piedmont,GPE,1121,1121
2624,Icahn,PERSON,acquire,USAir,ORG,10261,11118
2626,EIC,ORG,add,Japan,GPE,16509,85
2627,EIC,ORG,buy,Japan,GPE,16509,85
2631,Japan,GPE,say,Europe,LOC,85,1657
2646,Piedmont,GPE,say,Piedmont,GPE,1121,1121
2647,Piedmont,GPE,have,Piedmont,GPE,1121,1121
2648,Ecuador,GPE,hook,dlr,MONEY,219,162
2649,Venezuela,GPE,say,Lusinchi,PERSON,253,16488
2650,Venezuela,GPE,loan,Lusinchi,PERSON,253,16488
2651,Venezuela,GPE,ship,Venezuela,GPE,253,253
2652,Venezuela,GPE,travel,Ecuador,GPE,253,219
2653,Renault,ORG,continue,US,GPE,10460,271
2654,Georgia,GPE,ask,Georgia,GPE,543,543
2658,EIC,ORG,add,Japan,GPE,16509,85
2659,EIC,ORG,buy,Japan,GPE,16509,85
2663,Japan,GPE,say,Europe,LOC,85,1657
2672,Gencorp,ORG,cut,Fidelity,ORG,10726,16557
2673,Gencorp,ORG,go,Westinghouse,ORG,10726,10934
2674,FCC,ORG,disqualify,RKO,ORG,11546,32
2675,Mitsui,ORG,say,Inc,ORG,12488,11764
2676,Mitsui,ORG,purchase,Japan,ORG,12488,85
2680,Inc,ORG,say,TWA,ORG,11764,13100
2681,Inc,ORG,buy,Inc,ORG,11764,11764
2682,Thailand,GPE,obtain,EC,ORG,97,10180
2683,Renault,ORG,receive,Renault,ORG,10460,10460
2688,US,GPE,set,Brazil,GPE,271,112
2689,Malaysia,GPE,keep,Reuters,ORG,90,10130
2690,Subroto,PERSON,tell,Reuters,ORG,1331,10130
2693,Bolivia,GPE,export,Reuters,ORG,835,10130
2696,Colorado,GPE,reach,Montana,GPE,687,297
2697,Colorado,GPE,extend,Wisconsin,GPE,687,517
2707,FED,ORG,REPURCHASE,FED,ORG,10147,10147
2708,FED,ORG,take,FED,ORG,10147,10147
2709,BALLY,ORG,take,FED,ORG,16626,10147
2711,Bally,ORG,sign,Bally,ORG,16626,16626
2715,IBC,ORG,say,Treasury,ORG,631,10162
2720,KOREANS,NORP,buy,AMC,ORG,9915,16536
2721,INDIA,GPE,buy,Korea,ORG,267,524
2722,INDIA,GPE,purchase,Korea,ORG,267,524
2723,FITZWATER,ORG,say,REAGAN,PERSON,20788,20351
2724,FITZWATER,ORG,say,Fitzwater,PERSON,20788,20788
2725,Fitzwater,PERSON,say,Fitzwater,PERSON,20788,20788
2728,Prudential,ORG,fall,888p,ORG,19050,20072
2729,CITIBANK,ORG,follow,888p,ORG,10176,20072
2730,CITIBANK,ORG,cut,888p,ORG,10176,20072
2732,DART,ORG,say,Renault,ORG,13204,10460
2735,Sosnoff,PERSON,say,Inc,ORG,11114,11764
2738,California,GPE,acquire,PCRI,GPE,152,16699
2746,Exco,ORG,make,RMJ,ORG,16722,16724
2747,RMJ,ORG,say,RMJ,ORG,16724,16724
2748,RMJ,ORG,say,RMJ,ORG,16724,16724
2749,RMJ,ORG,employ,RMJ,ORG,16724,16724
2750,PAKISTAN,GPE,tender,Pakistan,GPE,217,217
2752,CCC,ORG,accept,NIGERIA,ORG,10482,581
2753,CCC,ORG,accept,NIGERIA,ORG,10482,581
2757,CCC,ORG,accept,MOROCCO,GPE,10482,249
2765,Bonn,GPE,say,Fed,ORG,292,10147
2766,NORANDA,ORG,spin,NORANDA,ORG,1075,1075
2772,LINDNER,PERSON,tell,SEC,ORG,21771,10222
2775,US,GPE,aid,DLR,ORG,271,162
2776,FED,ORG,say,DLR,ORG,10147,162
2779,Soviets,NORP,make,US,GPE,9931,271
2780,India,GPE,hold,US,GPE,267,271
2782,Sumita,PERSON,ease,Japan,ORG,19508,85
2784,Aqazadeh,PERSON,be,UAE,GPE,21335,385
2788,JAPAN,GPE,increase,Tripoli,GPE,85,1257
2791,Asturiana,PRODUCT,have,Europe,LOC,16848,1657
2793,Britain,GPE,monthKing,Fahd,PERSON,124,20812
2794,Britain,GPE,ask,Fahd,PERSON,124,20812
2799,China,GPE,have,China,GPE,96,96
2807,Suharto,PERSON,say,Ministry,ORG,21333,10343
2808,Suharto,PERSON,forecasttrader,Paris,GPE,21333,154
2809,Korea,GPE,cut,US,GPE,524,271
2810,Washington,GPE,ask,Seoul,GPE,95,114
2811,Washington,GPE,post,Korea,GPE,95,524
2812,Nazer,PERSON,say,Nazer,PERSON,23050,23050
2814,Washington,GPE,fly,Japan,GPE,95,85
2815,Kuranari,PERSON,remain,Japan,GPE,22248,85
2818,TAIWAN,GPE,narrow,US,GPE,87,271
2819,TAIWAN,GPE,tell,US,GPE,87,271
2822,Nigeria,GPE,emphasize,OPEC,ORG,581,10199
2823,Nigeria,GPE,uphold,OPEC,ORG,581,10199
2828,Tate,ORG,seek,Canada,GPE,10784,111
2829,Corp,ORG,say,canadian,NORP,14236,9881
2830,Lasmo,NORP,s,canadian,NORP,13112,9881
2831,Lasmo,NORP,et,canadian,NORP,13112,9881
2832,Lasmo,NORP,flow,Saskatchewan,GPE,13112,614
2838,ECUADOR,GPE,lend,Venezuela,GPE,219,253
2839,Venezuela,GPE,compensate,Ecuador,GPE,253,219
2847,Hutton,ORG,reject,Shearson,ORG,10681,10227
2848,Shearson,ORG,say,Hutton,ORG,10227,10681
2861,DOJ,ORG,seek,DOJ,ORG,17012,17012
2862,Icahn,PERSON,file,FTC,ORG,10261,11582
2863,Icahn,PERSON,purchase,FTC,ORG,10261,11582
2866,FED,ORG,add,FED,ORG,10147,10147
2867,CHINA,GPE,buy,US,GPE,96,271
2868,China,GPE,say,US,GPE,96,271
2870,ALCAN,ORG,close,JONES,PERSON,12037,20721
2873,JONES,PERSON,acquire,Jones,PERSON,20721,20721
2874,Vulcan,PRODUCT,acquire,Jones,PERSON,18855,20721
2875,Vulcan,PRODUCT,vining,Jones,PERSON,18855,20721
2883,Europe,LOC,remain,Europe,LOC,1657,1657
2884,Licht,PERSON,judge,Europe,LOC,12567,1657
2886,MEESE,ORG,see,CHRYSLER,ORG,22840,10456
2900,Korea,GPE,retaliate,US,GPE,524,271
2901,Congress,ORG,close,US,GPE,10182,271
2902,CCC,ORG,pay,CCC,ORG,10482,10482
2904,Korea,GPE,leave,Ottawa,GPE,524,567
2905,Korea,GPE,retaliate,US,GPE,524,271
2906,Congress,ORG,close,US,GPE,10182,271
2909,UNION,ORG,ltPSG,SOUTHWEST,LOC,12851,1844
2910,LUGAR,PERSON,REPEAL,Republican,NORP,22880,9974
2911,PITTSTON,ORG,acquire,PITTSTON,ORG,12890,12890
2915,HARPER,PERSON,get,HARCOURT,ORG,14040,502
2916,HARPER,PERSON,ltHBJ,HARCOURT,ORG,14040,502
2919,INC,ORG,make,INC,ORG,11764,11764
2921,ecuador,GPE,notify,opec,ORG,219,10199
2922,BRITAIN,GPE,call,JAPAN,GPE,124,85
2923,BRITAIN,GPE,increase,Britain,GPE,124,124
2924,BRITAIN,GPE,call,Japan,GPE,124,85
2925,ECUADOR,GPE,ask,OPEC,ORG,219,10199
2926,Ecuador,GPE,ask,OPEC,ORG,219,10199
2934,Iida,ORG,tell,Reuters,ORG,17191,10130
2936,MHI,ORG,agree,house,ORG,14708,10414
2937,US,GPE,head,US,GPE,271,271
2938,Tokyo,GPE,put,Washington,GPE,86,95
2939,Tokyo,GPE,buy,Tokyo,GPE,86,86
2940,Tokyo,GPE,reduce,Tokyo,GPE,86,86
2941,Japan,GPE,cooperate,US,GPE,85,271
2942,Santos,PERSON,tell,Reuters,ORG,628,10130
2944,Colombia,GPE,use,Brazil,GPE,212,112
2945,TAIWAN,GPE,buy,Boliden,ORG,87,13377
2949,Europe,LOC,make,Europe,LOC,1657,1657
2954,EC,ORG,mean,australian,NORP,10180,9871
2955,EC,ORG,say,Australia,GPE,10180,94
2958,BUNDESBANK,ORG,cut,Bundesbank,ORG,10152,10152
2959,Bundesbank,ORG,buy,Bundesbank,ORG,10152,10152
2967,ECUADOR,GPE,ask,OPEC,ORG,219,10199
2968,Ecuador,GPE,ask,OPEC,ORG,219,10199
2973,Evans,PERSON,have,Evans,PERSON,22918,22918
2978,Iran,GPE,attack,IRAN,GPE,222,222
2980,OPEC,ORG,be,OPEC,ORG,10199,10199
2986,LGT,ORG,open,Singapore,GPE,17285,127
2987,LGT,ORG,expand,Houston,GPE,17285,171
3003,Sweden,GPE,give,Africa,GPE,312,1217
3004,Dauster,PERSON,tell,London,GPE,21266,128
3008,EC,ORG,grant,EC,ORG,10180,10180
3009,PACIFIC,ORG,sign,CARACAS,GPE,1723,1100
3010,PACIFIC,ORG,sign,CARACAS,GPE,1723,1100
3022,Board,ORG,hold,Orbanco,ORG,18232,17333
3024,Venezuela,GPE,expect,PDVSA,ORG,253,12922
3025,BANCROFT,ORG,ltBCFsue,Citgo,ORG,1094,12320
3029,Lyng,PERSON,say,EEP,NORP,11486,17972
3033,Soviets,NORP,think,soviet,NORP,9931,9892
3034,Soviets,NORP,buy,soviet,NORP,9931,9892
3043,OTTAWA,GPE,seek,State,ORG,567,12062
3048,TVX,ORG,hold,TVX,ORG,10818,10818
3049,Weinberger,PERSON,advise,Pentagon,ORG,21336,10851
3053,Zack,PERSON,say,Washington,GPE,22534,95
3059,Fed,ORG,say,M1,CARDINAL,10147,1941
3061,Bolivia,GPE,say,bolivian,NORP,835,10083
3064,Union,ORG,resume,UFCWU,ORG,12851,16731
3065,Saudis,NORP,say,Santana,PERSON,9961,17484
3066,China,GPE,sayIraq,Iraq,GPE,96,220
3067,China,GPE,have,Brazil,GPE,96,112
3068,Saudis,NORP,buy,Brazil,GPE,9961,112
3069,House,ORG,be,USDA,ORG,10414,10133
3070,USSR,GPE,purchase,USDA,ORG,294,10133
3071,USSR,GPE,set,USDA,ORG,294,10133
3078,Indonesia,GPE,say,Jakarta,GPE,98,739
3079,Colombia,GPE,hope,Jakarta,GPE,212,739
3080,Colombia,GPE,use,Brazil,GPE,212,112
3083,Ecuador,GPE,ask,OPEC,ORG,219,10199
3090,Japan,GPE,retaliate,Japan,GPE,85,85
3097,Europe,LOC,remain,Japan,GPE,1657,85
3098,Fujitsu,ORG,reach,Schlumberger,ORG,17436,13012
3099,Miyazawa,PERSON,say,Agriculture,ORG,10616,11007
3130,CITICORP,ORG,place,CITICORP,ORG,10835,10835
3133,PETROBRAS,ORG,ask,ARMY,ORG,13629,20064
3134,PETROBRAS,ORG,withdraw,ARMY,ORG,13629,20064
3135,PETROBRAS,ORG,ask,Army,ORG,13629,20064
3138,Bally,ORG,require,Bally,ORG,16626,16626
3139,Bally,ORG,buy,Bally,ORG,16626,16626
3143,Cenergy,ORG,ltAG,ALLEGHENY,ORG,15389,437
3144,Inc,ORG,say,ALLEGHENY,ORG,11764,437
3145,m1,PRODUCT,rise,CANADA,ORG,1941,111
3146,Cyclops,ORG,provide,Dixons,ORG,12775,11552
3148,Cyclops,ORG,say,Dixons,ORG,12775,11552
3156,ARCO,ORG,sell,Canada,GPE,12059,111
3159,ECUADOR,GPE,pump,Colombia,GPE,219,212
3161,Union,GPE,convince,USDA,ORG,12851,10133
3162,Union,GPE,offer,USDA,ORG,12851,10133
3167,AME,ORG,comply,EC,ORG,17644,10180
3191,Venezuela,GPE,earning,Ecuador,GPE,253,219
3195,Saudis,NORP,accept,Banco,ORG,9961,10767
3196,Saudis,NORP,do,Banco,ORG,9961,10767
3199,Saudis,NORP,supply,Brazil,GPE,9961,112
3201,Saudis,NORP,supply,Brazil,GPE,9961,112
3205,Colombia,GPE,go,Arango,ORG,212,14862
3206,BANGLADESH,GPE,buy,Bangladesh,GPE,390,390
3207,Indonesia,GPE,say,London,GPE,98,128
3208,INDIA,GPE,get,Indonesia,GPE,267,98
3209,Iran,GPE,instal,Gulf,LOC,222,18165
3210,Washington,GPE,say,Gulf,LOC,95,18165
3211,Washington,GPE,warn,Tehran,GPE,95,233
3222,Taiwan,GPE,export,Reuters,ORG,87,10130
3226,US,GPE,respond,Washington,GPE,271,95
3227,US,GPE,hit,US,GPE,271,271
3228,TANZANIA,GPE,say,Bomani,PERSON,630,16525
3229,FED,ORG,REPURCHASE,FED,ORG,10147,10147
3237,FIRS,ORG,say,France,GPE,15090,155
3245,Nazer,PERSON,tell,Reuters,ORG,23050,10130
3247,Iraq,GPE,send,OPEC,ORG,220,10199
3264,US,GPE,respond,Washington,GPE,271,95
3265,US,GPE,hit,US,GPE,271,271
3268,Saudis,NORP,accept,Banco,ORG,9961,10767
3269,Saudis,NORP,do,Banco,ORG,9961,10767
3272,Saudis,NORP,supply,Brazil,GPE,9961,112
3278,Inc,ORG,acquire,Whippany,GPE,11764,1368
3279,RENOUF,ORG,extend,Seattle,GPE,17209,281
3280,Chirac,PERSON,choke,french,NORP,21284,865
3282,Goldberg,PERSON,approach,Clark,PERSON,23089,17798
3283,PATON,PERSON,report,Clark,PERSON,20610,17798
3286,IRS,ORG,estimate,IRS,ORG,14223,14223
3292,Lyng,PERSON,seem,Congress,ORG,11486,10182
3296,House,ORG,require,Reagan,PERSON,10414,20351
3299,Corp,ORG,receive,Inc,ORG,14236,11764
3305,US,GPE,expand,EEP,ORG,271,17972
3307,Hoechst,ORG,complete,Celanese,NORP,17840,17841
3312,Brazil,GPE,remit,Brazil,GPE,112,112
3313,Carter,PERSON,join,Metex,ORG,21796,23109
3315,Colombia,GPE,take,America,GPE,212,293
3320,Canada,GPE,say,US,GPE,111,271
3321,Canada,GPE,win,american,NORP,111,9868
3325,US,GPE,suggest,Yeutter,PERSON,271,1127
3326,US,GPE,say,Yeutter,GPE,271,1127
3327,US,GPE,file,GATT,ORG,271,10411
3332,House,ORG,require,Reagan,PERSON,10414,20351
3334,Africa,LOC,follow,Brazil,GPE,1217,112
3341,Fairchild,PERSON,continue,Schlumberger,ORG,17512,13012
3347,Mize,PERSON,say,Corp,ORG,17986,14236
3348,TWA,ORG,seek,USAir,ORG,13100,11118
3357,Icahn,ORG,say,SEC,ORG,10261,10222
3358,Icahn,ORG,violate,Icahn,ORG,10261,10261
3361,Kline,PERSON,see,Kline,PERSON,21493,21493
3362,BankAmerica,PERSON,be,Clausen,ORG,1234,23156
3371,Adobe,ORG,hold,Adobe,ORG,18054,18054
3372,EC,ORG,warning,Japan,GPE,10180,85
3374,Yeutter,PERSON,outline,EC,ORG,1127,10180
3376,Japan,GPE,stimulate,Paris,GPE,85,154
3377,Japan,GPE,accord,Reuters,ORG,85,10130
3379,EC,ORG,warn,US,GPE,10180,271
3380,EC,ORG,warn,Japan,GPE,10180,85
3384,EC,ORG,negotiate,Tokyo,GPE,10180,86
3393,Lyng,PERSON,warn,EC,ORG,11486,10180
3395,Coastal,ORG,buy,TransAmerican,NORP,13417,1396
3398,Schlumberger,ORG,say,Fairchild,ORG,13012,17512
3399,Fujitsu,ORG,expand,US,GPE,17436,271
3400,JAPAN,GPE,complain,Reuters,ORG,85,10130
3401,Japan,GPE,import,Japan,GPE,85,85
3407,Kaunda,PERSON,tell,Reuters,ORG,20819,10130
3412,Washington,GPE,damage,Taiwan,GPE,95,87
3420,Japan,GPE,stimulate,Paris,GPE,85,154
3421,Japan,GPE,accord,Reuters,ORG,85,10130
3423,BILLITON,ORG,urge,Surinam,GPE,18101,1399
3424,Reuters,ORG,tell,Surinam,GPE,10130,1399
3435,Newmont,ORG,buy,Toufexis,PERSON,11415,23204
3436,Newmont,ORG,say,Toufexis,PERSON,11415,23204
3437,KRAVIS,PERSON,have,Dodge,ORG,22698,16030
3438,EC,ORG,warn,US,GPE,10180,271
3439,EC,ORG,warn,Japan,GPE,10180,85
3443,EC,ORG,negotiate,Tokyo,GPE,10180,86
3452,Korea,GPE,reduce,Japan,GPE,524,85
3453,Korea,GPE,increase,US,GPE,524,271
3455,QINTEX,ORG,extend,Congress,ORG,13353,10182
3458,Lawson,PERSON,say,Parliament,ORG,875,18444
3461,Lawson,PERSON,stgon,Lawson,ORG,875,875
3463,Montagu,ORG,require,Royal,ORG,14725,11733
3464,Montagu,ORG,register,Royal,ORG,14725,11733
3465,Montagu,ORG,require,Royal,ORG,14725,11733
3468,LEHMAN,ORG,UPGRADES,Inc,ORG,16364,11764
3470,zambia,GPE,ship,Beira,GPE,177,626
3472,treasury,ORG,REPURCHASE,FED,ORG,10162,10147
3473,FED,ORG,add,FED,ORG,10147,10147
3475,Wagner,PERSON,reject,Bonn,GPE,14509,292
3477,Raymond,PERSON,mention,France,GPE,23218,155
3480,Lyng,PERSON,warn,EC,ORG,11486,10180
3483,ATT,ORG,take,CGCT,ORG,13890,18219
3491,Venezuela,GPE,supply,Ecuador,GPE,253,219
3497,Missouri,GPE,pass,Kansas,GPE,715,882
3511,Pye,ORG,address,Glasgow,GPE,18304,1425
3513,US,GPE,say,Roberts,PERSON,271,21871
3514,US,GPE,offer,China,GPE,271,96
3515,US,GPE,include,China,GPE,271,96
3519,Lyng,PERSON,attend,Amstutz,PERSON,11486,15606
3520,Lyng,PERSON,describe,Lyng,PERSON,11486,11486
3521,Lyng,PERSON,make,Lyng,PERSON,11486,11486
3523,Lyng,PERSON,receive,Hofer,ORG,11486,14713
3524,Lyng,PERSON,restrain,Lyng,ORG,11486,11486
3529,Bangladesh,GPE,supply,EC,ORG,390,10180
3531,Indonesia,GPE,avert,Moslem,NORP,98,10094
3533,Indonesia,GPE,say,London,GPE,98,128
3536,Chicago,GPE,promote,Tokyo,GPE,189,86
3544,Cyclops,ORG,give,Dixons,ORG,12775,11552
3545,Dixon,PERSON,be,Dixons,ORG,1186,11552
3546,Dixon,PERSON,recover,Dixons,ORG,1186,11552
3547,Dixon,PERSON,buy,Dixons,ORG,1186,11552
3560,MOBEX,ORG,say,Corp,ORG,19691,14236
3565,Audi,ORG,pay,VW,ORG,18428,10281
3566,Audi,ORG,say,Habbel,GPE,18428,23298
3567,VW,ORG,ensure,Habbel,GPE,10281,23298
3568,VW,ORG,drop,US,GPE,10281,271
3572,Audi,PRODUCT,help,Audi,ORG,18428,18428
3573,Audi,PRODUCT,rise,Europe,LOC,18428,1657
3575,EC,ORG,receive,France,GPE,10180,155
3580,Marwick,ORG,ltPeat,Pakistan,GPE,14418,217
3585,ATT,ORG,endorse,State,ORG,13890,12062
3587,USDA,ORG,reduce,Gulf,LOC,10133,18165
3588,USDA,ORG,say,Gulf,LOC,10133,18165
3589,USDA,ORG,carry,Midwest,LOC,10133,1718
3590,USDA,ORG,rise,Mississippi,GPE,10133,828
3591,Reagan,PERSON,say,Fitzwater,PERSON,20351,20788
3592,Reagan,PERSON,hit,Fitzwater,PERSON,20351,20788
3593,Reagan,PERSON,note,Fitzwater,PERSON,20351,20788
3596,Canada,ORG,buy,Canada,GPE,111,111
3598,CCC,ORG,stockan,CCC,ORG,10482,10482
3599,CCC,ORG,accept,ISRAEL,ORG,10482,362
3605,AMOCO,ORG,find,TRINIDAD,ORG,11431,805
3606,Corp,ORG,say,TRINIDAD,ORG,14236,805
3609,Corp,ORG,say,Corp,ORG,14236,14236
3610,Corp,ORG,purchase,Corp,ORG,14236,14236
3613,ILLINOIS,ORG,see,BRAZIL,GPE,583,112
3614,EC,ORG,warn,CONGRESS,ORG,10180,10182
3615,EC,ORG,warn,CONGRESS,ORG,10180,10182
3618,Congress,ORG,say,Denman,PERSON,10182,23338
3624,Mayo,LOC,include,dlr,MONEY,1901,162
3626,board,ORG,be,Washington,GPE,18232,95
3629,JAMAICA,GPE,purchase,Jamaica,GPE,579,579
3646,Akron,GPE,discontinue,Akron,GPE,1221,1221
3654,TAIWAN,GPE,buy,Taiwan,GPE,87,87
3662,Norstar,ORG,operate,Maine,GPE,18243,656
3665,Seguel,ORG,hold,Wagner,ORG,18676,14509
3666,Seguel,ORG,sell,Inc,ORG,18676,11764
3692,Japan,GPE,show,OECD,ORG,85,12462
3693,OECD,ORG,benefit,OECD,ORG,12462,12462
3702,MEDIQ,ORG,say,Inc,ORG,23419,11764
3704,COLOMBIA,GPE,attend,Pioneer,ORG,212,12222
3706,Korea,GPE,be,US,GPE,524,271
3707,Korea,GPE,largeFaced,Congress,ORG,524,10182
3710,Taiwan,GPE,run,US,GPE,87,271
3711,Korea,GPE,move,US,GPE,524,271
3713,US,GPE,confine,US,GPE,271,271
3714,Madagascar,GPE,say,bush,PERSON,1471,20775
3718,FED,ORG,add,EC,ORG,10147,10180
3724,Corp,ORG,say,AMSOUTH,ORG,14236,11266
3725,US,GPE,planned,US,GPE,271,271
3727,CORP,ORG,set,Danville,GPE,14236,1353
3728,WARBURG,PERSON,ltwarburg,Inc,ORG,807,11764
3735,ICI,ORG,buy,dlr,MONEY,13554,162
3741,Baird,PERSON,have,Baird,PERSON,10101,10101
3742,Lyng,PERSON,say,Lyng,PERSON,11486,11486
3743,Lyng,PERSON,comment,Lyng,PERSON,11486,11486
3745,Spain,GPE,prevent,Spain,GPE,125,125
3746,Haggard,PERSON,say,ASA,ORG,22441,13042
3753,SPRINKEL,ORG,urge,JAPAN,GPE,17503,85
3754,SPRINKEL,ORG,say,Japan,GPE,17503,85
3755,SPRINKEL,ORG,stimulate,Japan,GPE,17503,85
3757,Cuenca,GPE,tell,america,GPE,845,293
3758,Cuenca,GPE,lose,america,GPE,845,293
3759,Inc,ORG,say,america,GPE,11764,293
3760,Corp,ORG,buy,america,GPE,14236,293
3762,FED,ORG,say,Miller,ORG,10147,10493
3763,FED,ORG,say,Caisse,ORG,10147,12996
3764,FED,ORG,say,Caisse,ORG,10147,12996
3770,ODEON,ORG,buy,COKE,ORG,18396,11705
3772,SHULTZ,ORG,oppose,Shultz,PERSON,12063,12063
3773,SHULTZ,ORG,subsidize,Moscow,GPE,12063,211
3774,Shultz,PERSON,say,Union,GPE,12063,12851
3775,soviet,NORP,oppose,Soviets,NORP,9892,9931
3776,soviet,NORP,remain,Moscow,GPE,9892,211
3783,Teheran,GPE,equip,chinese,NORP,1490,9887
3786,Reagan,PERSON,force,Japan,GPE,20351,85
3787,Reagan,PERSON,urge,Reagan,PERSON,20351,20351
3788,Japan,GPE,send,Reagan,PERSON,85,20351
3789,Senate,ORG,know,Japan,GPE,10415,85
3790,Bentsen,PERSON,tell,Senate,ORG,19966,10415
3791,US,GPE,lessen,REAGAN,PERSON,271,20351
3792,US,GPE,say,REAGAN,PERSON,271,20351
3793,US,GPE,say,REAGAN,PERSON,271,20351
3794,US,GPE,lessen,Reagan,PERSON,271,20351
3795,US,GPE,say,Reagan,PERSON,271,20351
3799,VOLCKER,ORG,say,Shanghai,GPE,10549,266
3800,Volcker,PERSON,say,Shanghai,GPE,10549,266
3805,Philippines,GPE,say,Tokyo,GPE,108,86
3808,Board,ORG,approve,Coastal,ORG,18232,13417
3809,EC,ORG,approve,Africa,EVENT,10180,1217
3814,KLM,ORG,announce,british,NORP,17572,9899
3815,KLM,ORG,buy,IML,ORG,17572,18971
3816,KLM,ORG,involve,IML,ORG,17572,18971
3817,KLM,ORG,have,Maastricht,GPE,17572,1500
3818,BIL,ORG,create,Rainbow,ORG,13754,13755
3823,US,GPE,say,Berlin,FAC,271,912
3824,US,GPE,lessen,Reagan,PERSON,271,20351
3825,US,GPE,say,Reagan,PERSON,271,20351
3827,AMCA,ORG,sell,Peking,GPE,18981,388
3829,Reagan,PERSON,force,Japan,GPE,20351,85
3830,Reagan,PERSON,urge,Reagan,PERSON,20351,20351
3831,Japan,GPE,send,Reagan,PERSON,85,20351
3832,Senate,ORG,know,Japan,GPE,10415,85
3833,Bentsen,PERSON,tell,Senate,ORG,19966,10415
3836,JAPAN,GPE,say,Inc,ORG,85,11764
3837,TWA,ORG,pursue,USAIR,ORG,13100,11118
3838,Australia,GPE,include,India,GPE,94,267
3839,Australia,GPE,buy,India,GPE,94,267
3840,Australia,GPE,include,India,GPE,94,267
3841,EDISON,ORG,sell,India,GPE,714,267
3842,EDISON,ORG,sell,EDISON,ORG,714,714
3848,Italy,GPE,exclude,Italy,GPE,149,149
3860,Washington,GPE,go,GATT,ORG,95,10411
3862,USDA,ORG,reduce,Gulf,LOC,10133,18165
3863,Sindt,NORP,deny,USDA,ORG,19071,10133
3868,Baird,PERSON,say,Corp,ORG,10101,14236
3869,Baird,PERSON,include,Baird,PERSON,10101,10101
3870,Inc,ORG,ask,FTC,ORG,11764,11582
3879,Atlantic,LOC,say,Corp,ORG,1748,14236
3880,Atlantic,LOC,report,Corp,ORG,1748,14236
3896,Soviets,NORP,import,US,GPE,9931,271
3897,Soviets,NORP,note,Union,GPE,9931,12851
3898,Soviets,NORP,begin,Union,GPE,9931,12851
3900,Union,GPE,turn,US,GPE,12851,271
3902,Mexico,GPE,qualify,Mexico,GPE,103,103
3903,Mexico,GPE,say,Mexico,GPE,103,103
3909,ICN,ORG,witheld,FDA,ORG,11549,16096
3911,OECD,ORG,switch,TURKEY,GPE,12462,213
3912,CCC,ORG,accept,EGYPT,GPE,10482,238
3914,CCC,ORG,accept,EGYPT,GPE,10482,238
3917,JEFFERIES,ORG,make,CYCLOPS,ORG,15875,12775
3919,Myers,PERSON,face,USDA,ORG,13632,10133
3920,Myers,PERSON,face,USDA,ORG,13632,10133
3921,LILCO,ORG,revise,LILCO,ORG,19223,19223
3922,Clark,PERSON,have,Congress,ORG,17798,10182
3925,German,NORP,contend,US,GPE,9882,271
3929,Bolivia,GPE,be,Reuters,ORG,835,10130
3932,OPEC,ORG,hit,Suharto,PERSON,10199,21333
3935,Raimond,PERSON,tell,UAE,GPE,19240,385
3936,France,GPE,have,Iran,GPE,155,222
3939,Ariadne,PERSON,arrange,Barwon,PERSON,19239,19243
3940,Ariadne,PERSON,pay,Barwon,PERSON,19239,19243
3944,Alitalia,ORG,increase,Italy,GPE,19246,149
3945,Alitalia,ORG,reinstate,Boston,GPE,19246,410
3946,Alitalia,ORG,open,Boston,GPE,19246,410
3950,Iran,GPE,say,Gulf,LOC,222,18165
3954,Barwon,PERSON,set,Philippines,GPE,19243,108
3955,Barwon,PERSON,meet,Philippines,GPE,19243,108
3958,Poehl,PERSON,encourage,US,GPE,10230,271
3981,Iran,GPE,say,Gulf,LOC,222,18165
3983,FNC,ORG,be,FNC,ORG,19282,19282
3991,Japan,GPE,ward,Ministry,ORG,85,10343
3992,Tokyo,GPE,accuse,Japan,GPE,86,85
3993,Tokyo,GPE,sell,Asia,LOC,86,1656
3994,Tokyo,GPE,boost,Asia,LOC,86,1656
4001,FED,ORG,add,FED,ORG,10147,10147
4002,Greece,GPE,respond,Turkey,GPE,214,213
4004,Athens,GPE,say,Turkey,GPE,215,213
4006,JEFFERSON,GPE,merge,LA,GPE,19370,540
4007,EPAC,ORG,exclude,EPAC,ORG,17324,17324
4011,Gulf,LOC,hit,Kuwait,GPE,18165,134
4014,Iran,GPE,report,London,GPE,222,128
4015,Iran,GPE,threaten,Gulf,LOC,222,18165
4016,Sosnoff,ORG,have,Caesars,ORG,11114,11115
4017,Caesars,ORG,talkseveral,Caesars,ORG,11115,11115
4028,Cyclops,PRODUCT,extend,midnight,TIME,12775,24114
4029,Corp,ORG,expect,Fidelity,ORG,14236,16557
4032,SEC,ORG,take,Sugarman,PERSON,10222,19459
4033,Sugarman,PERSON,acquirein,Sugarman,PERSON,19459,19459
4034,Sugarman,PERSON,raise,Sugarman,PERSON,19459,19459
4039,US,GPE,talk,MOSCOW,GPE,271,211
4040,US,GPE,indicate,MOSCOW,GPE,271,211
4042,Moscow,GPE,buy,Amstutz,ORG,211,15606
4043,BOARD,ORG,approve,BOARD,ORG,18232,18232
4048,Melamed,PERSON,tell,Reuters,ORG,19482,10130
4049,ATT,ORG,believe,Holland,ORG,13890,606
4055,NAKASONE,ORG,resolve,Japan,GPE,11933,85
4057,Japan,GPE,consider,Council,ORG,85,13587
4058,Sumita,ORG,intervene,Japan,ORG,19508,85
4061,Jakarta,GPE,expect,Suharto,PERSON,739,21333
4068,Williams,PERSON,accumulate,Williams,PERSON,16608,16608
4069,Williams,PERSON,hold,Norcros,PERSON,16608,20622
4079,Board,ORG,agree,Paris,GPE,18232,154
4080,EPAC,ORG,accept,Barreto,PERSON,17324,23637
4081,Nakasone,PERSON,resolve,Japan,GPE,11933,85
4083,Japan,GPE,consider,Council,ORG,85,13587
4087,Paris,GPE,be,Miyazawa,GPE,154,10616
4095,Bundesbank,ORG,allocate,Bundesbank,ORG,10152,10152
4096,US,GPE,say,Bundesbank,ORG,271,10152
4097,US,GPE,intervene,Bundesbank,ORG,271,10152
4098,Miyazawa,PERSON,tell,Bundesbank,ORG,10616,10152
4099,Board,ORG,agree,Paris,GPE,18232,154
4100,US,GPE,escort,Gulf,LOC,271,18165
4101,Washington,GPE,seek,Tehran,GPE,95,233
4102,Iran,GPE,let,Tehran,GPE,222,233
4103,Iran,GPE,use,Chinese,NORP,222,9887
4104,Iran,GPE,cover,Gulf,LOC,222,18165
4105,Switzerland,GPE,send,Iran,GPE,282,222
4108,IRAN,GPE,say,HORMUZ,GPE,222,734
4109,Iran,GPE,set,Hormuz,LOC,222,734
4110,Gulf,LOC,say,Hormuz,LOC,18165,734
4111,IRAN,GPE,say,HORMUZ,GPE,222,734
4112,Iran,GPE,set,Hormuz,LOC,222,734
4113,Gulf,LOC,say,Hormuz,LOC,18165,734
4116,Kansas,GPE,extend,Arkansas,GPE,882,829
4119,Opec,ORG,tell,Suharto,PERSON,10199,21333
4122,HONDURAS,GPE,tender,Honduras,GPE,192,192
4125,INDONESIA,GPE,borrowing,Indonesia,GPE,98,98
4126,IRAN,GPE,warn,US,GPE,222,271
4127,IRAN,GPE,intervene,GULF,LOC,222,18165
4128,IRAN,GPE,warn,US,GPE,222,271
4129,IRAN,GPE,intervene,Gulf,LOC,222,18165
4130,Americans,NORP,repeat,Americans,NORP,9941,9941
4131,IRNA,ORG,comment,Navy,ORG,10447,19531
4132,Iran,GPE,have,Chinese,NORP,222,9887
4133,Iran,GPE,receive,London,GPE,222,128
4134,CLAREMONT,GPE,tell,SEC,ORG,1565,10222
4135,Herrington,PERSON,tell,Reuters,ORG,23248,10130
4138,Dixons,ORG,recover,Cyclops,PRODUCT,11552,12775
4139,Dixons,ORG,buy,Cyclops,PRODUCT,11552,12775
4150,SUDAN,GPE,reject,Barker,PERSON,957,23729
4152,Sudan,GPE,help,Khartoum,GPE,957,1567
4157,Cyclops,ORG,say,Cyclops,ORG,12775,12775
4167,Chrysler,ORG,comment,italian,NORP,10456,9891
4168,Chrysler,ORG,acquire,Lamborghini,ORG,10456,19619
4169,Union,GPE,support,Gulf,LOC,12851,18165
4171,Iran,GPE,say,Gulf,LOC,222,18165
4172,Iran,GPE,say,Gulf,LOC,222,18165
4178,Colombia,GPE,invest,Italy,GPE,212,149
4179,Olivetti,ORG,say,Italy,GPE,19643,149
4180,Olivetti,ORG,be,Italy,GPE,19643,149
4181,Olivetti,ORG,invest,Italy,GPE,19643,149
4183,CITICORP,ORG,amend,CYCLOPS,ORG,10835,12775
4184,HELLER,ORG,urge,japanese,NORP,10448,9869
4185,HELLER,ORG,buy,US,GPE,10448,271
4186,Dixons,ORG,say,Dixons,ORG,11552,11552
4187,Cyclops,PRODUCT,pay,Dixons,ORG,12775,11552
4191,JAPAN,GPE,tighten,US,GPE,85,271
4203,US,GPE,take,Japan,GPE,271,85
4204,CCC,ORG,switch,JORDAN,ORG,10482,350
4205,Japan,GPE,be,Japan,ORG,85,85
4212,CANADA,GPE,fight,Minstar,PERSON,111,14391
4215,Canada,GPE,maintain,Clark,PERSON,111,17798
4216,Canada,GPE,settle,US,GPE,111,271
4217,Canada,GPE,build,Trinidad,GPE,111,805
4218,Siaahan,PERSON,tell,Reuters,ORG,23803,10130
4219,PORTUGAL,GPE,purchase,Portugal,GPE,126,126
4220,Taiwan,GPE,tender,Portugal,GPE,87,126
4223,Chapman,PERSON,require,Troon,ORG,19773,19772
4224,Chapman,PERSON,advance,Troon,ORG,19773,19772
4227,JAPAN,GPE,intervene,Japan,ORG,85,85
4228,JAPAN,GPE,cut,Japan,GPE,85,85
4233,Vietnam,GPE,resettle,Ferruzzi,ORG,982,10356
4243,PEMEX,ORG,finance,Japan,ORG,11599,85
4246,US,GPE,double,US,GPE,271,271
4247,US,GPE,rise,US,GPE,271,271
4248,US,GPE,total,US,GPE,271,271
4257,JAPAN,GPE,cut,Japan,GPE,85,85
4264,DIXONS,ORG,get,DIXONS,ORG,11552,11552
4267,Peking,GPE,persuade,Congress,ORG,388,10182
4268,US,GPE,admit,China,GPE,271,96
4272,China,GPE,be,US,GPE,96,271
4280,CCC,ORG,inventoryan,CCC,ORG,10482,10482
4282,BUNDESBANK,ORG,buy,FRANKFURT,GPE,10152,272
4283,EC,ORG,receive,Germany,GPE,10180,244
4284,House,ORG,tell,Reuters,ORG,10414,10130
4285,House,ORG,takelast,Reuters,ORG,10414,10130
4288,Utilicorp,ORG,reincorporate,Delaware,GPE,15163,429
4292,Degussa,PERSON,contribute,Germany,GPE,19898,244
4293,Iran,GPE,acquire,Chinese,NORP,222,9887
4294,Tehran,GPE,say,Gulf,LOC,233,18165
4297,Iran,GPE,defend,Gulf,LOC,222,18165
4309,FAS,ORG,have,FAS,ORG,19926,19926
4322,Tricil,ORG,be,US,GPE,19935,271
4333,Opec,ORG,tell,Suharto,PERSON,10199,21333
4334,ECUADOR,GPE,negotiate,NIGERIA,ORG,219,581
4335,ECUADOR,GPE,stricken,Ecuador,GPE,219,219
4336,Nigeria,GPE,negotiate,Ecuador,GPE,581,219
4337,Nigeria,GPE,have,Nigeria,GPE,581,581
4338,Democrat,NORP,question,Canada,GPE,9918,111
4339,US,GPE,say,Canada,GPE,271,111
4340,US,GPE,say,Baker,PERSON,271,13207
4341,Baker,PERSON,tell,Senate,ORG,13207,10415
4344,Oxford,ORG,pay,Oxford,ORG,19967,19967
4346,LABATT,PERSON,see,Morse,ORG,19971,19970
4348,Li,PERSON,own,Nova,ORG,16895,11343
4349,Li,PERSON,have,Commerce,ORG,16895,10383
4358,TEXACO,ORG,interfere,Texaco,ORG,11014,11014
4368,Association,ORG,urge,JAPAN,ORG,18195,85
4369,Association,ORG,impose,Japan,GPE,18195,85
4370,Association,ORG,violate,Japan,GPE,18195,85
4373,Reed,PERSON,tell,Reuters,ORG,20036,10130
4374,Reynolds,PERSON,talk,Wagner,PERSON,11332,14509
4376,Board,ORG,approve,Washington,GPE,18232,95
4380,Pennzoil,ORG,receive,Texaco,ORG,10922,11014
4382,Association,ORG,urge,JAPAN,ORG,18195,85
4383,Association,ORG,impose,Japan,GPE,18195,85
4384,Association,ORG,violate,Japan,GPE,18195,85
4385,US,GPE,continue,Baker,PERSON,271,13207
4395,Japan,GPE,say,Washington,GPE,85,95
4412,IWC,ORG,buy,JAPAN,ORG,20086,85
4426,MULFORD,ORG,reaffirm,MULFORD,ORG,14018,14018
4428,MULFORD,ORG,RANGES,MULFORD,ORG,14018,14018
4434,Mulford,ORG,say,Paris,GPE,14018,154
4441,Newmont,ORG,say,Corp,ORG,11415,14236
4449,Japan,GPE,want,US,GPE,85,271
4450,Japan,GPE,visit,US,GPE,85,271
4451,Wallis,PERSON,tell,US,GPE,1135,271
4454,EMP,ORG,start,Tarragona,GPE,20145,1619
4455,Japan,GPE,assert,Japan,GPE,85,85
4467,weill,PERSON,say,Inc,ORG,23930,11764
4472,Malaysia,GPE,benefit,ICCO,ORG,90,11997
4473,Malaysia,GPE,differential,Ghana,GPE,90,191
4474,ghanaian,NORP,buffer,Ghana,GPE,9914,191
4475,ghanaian,NORP,offer,Ghana,GPE,9914,191
4476,ghanaian,NORP,rebut,AG,ORG,9914,14006
4478,MULFORD,ORG,strengthen,MULFORD,ORG,14018,14018
4479,MULFORD,ORG,disappointed,MULFORD,ORG,14018,14018
4480,Germany,GPE,stress,US,GPE,244,271
4481,Inc,ORG,share,USAir,ORG,11764,11118
4482,Piedmont,GPE,constitute,USAir,ORG,1121,11118
4484,Bundesbank,ORG,say,AG,ORG,10152,14006
